COMMON NAME,LATITUDE,LONGITUDE,OBSERVATION DATE,OBSERVER ID,code,group,YEAR
Rough-legged Hawk,38.551789,-121.6208018,1960-01-03,obsr234902,4.0,ACCIPITRIFORMES,1960
Lawrence's Goldfinch,38.551789,-121.6208018,1960-01-03,obsr234902,4.0,PASSERIFORMES,1960
Red-breasted Merganser,38.551789,-121.6208018,1965-01-03,obsr234902,4.0,ANSERIFORMES,1965
Solitary Sandpiper,38.6657506,-121.7174863,1967-08-05,obsr234902,4.0,CHARADRIIFORMES,1967
Pectoral Sandpiper,38.6657506,-121.7174863,1967-10-01,obsr234902,4.0,CHARADRIIFORMES,1967
Lark Bunting,38.5307103,-121.9616318,1971-12-27,obsr234902,4.0,PASSERIFORMES,1971
Evening Grosbeak,38.5413853,-121.5672398,1971-12-29,obsr234902,4.0,PASSERIFORMES,1971
Fulvous Whistling-Duck,38.6657506,-121.7174863,1972-05-19,obsr234902,4.0,ANSERIFORMES,1972
Lawrence's Goldfinch,38.5164914,-122.0607769,1972-06-05,obsr718596,4.0,PASSERIFORMES,1972
Mountain Plover,38.6195529,-121.7937469,1972-12-26,obsr21974,4.0,CHARADRIIFORMES,1972
Rough-legged Hawk,38.6195529,-121.7937469,1972-12-31,obsr21974,4.0,ACCIPITRIFORMES,1972
Common Loon,38.5164914,-122.0607769,1973-05-24,obsr718596,4.0,GAVIIFORMES,1973
Fulvous Whistling-Duck,38.6657506,-121.7174863,1973-07-01,obsr30312,4.0,ANSERIFORMES,1973
Pectoral Sandpiper,38.703932,-121.7213917,1973-10-08,obsr171476,4.0,CHARADRIIFORMES,1973
Sharp-tailed Sandpiper,38.6657506,-121.7174863,1973-10-08,obsr21348,4.0,CHARADRIIFORMES,1973
Solitary Sandpiper,38.703932,-121.7213917,1974-04-24,obsr107968,4.0,CHARADRIIFORMES,1974
Red Phalarope,38.6657506,-121.7174863,1974-04-26,obsr30312,4.0,CHARADRIIFORMES,1974
Fulvous Whistling-Duck,38.703932,-121.7213917,1974-05-04,obsr23645,4.0,ANSERIFORMES,1974
Rough-legged Hawk,38.8756659,-122.02034,1975-01-15,obsr107968,4.0,ACCIPITRIFORMES,1975
Chimney Swift,38.5445674,-121.7462239,1975-07-07,obsr21974,5.0,CAPRIMULGIFORMES,1975
Stilt Sandpiper,38.703932,-121.7213917,1975-09-06,obsr718596,4.0,CHARADRIIFORMES,1975
Black Swift,38.7213487,-121.7650698,1975-09-06,obsr718596,4.0,CAPRIMULGIFORMES,1975
Pacific Golden-Plover,38.703932,-121.7213917,1975-10-03,obsr14968,4.0,CHARADRIIFORMES,1975
Lawrence's Goldfinch,38.5429965,-121.6846347,1975-11-11,obsr14968,4.0,PASSERIFORMES,1975
Northern Shrike,38.6786104,-121.6722895,1976-01-31,obsr14968,4.0,PASSERIFORMES,1976
Mountain Plover,38.7292065,-121.7298004,1976-02-06,obsr26970,4.0,CHARADRIIFORMES,1976
Fulvous Whistling-Duck,38.703932,-121.7213917,1976-08-24,obsr14968,4.0,ANSERIFORMES,1976
Mountain Plover,38.8470289,-121.9445586,1977-03-10,obsr718596,4.0,CHARADRIIFORMES,1977
Common Loon,38.4945782,-122.0090103,1977-04-07,obsr14968,4.0,GAVIIFORMES,1977
Stilt Sandpiper,38.703932,-121.7213917,1977-08-25,obsr14968,4.0,CHARADRIIFORMES,1977
Canada Warbler,38.5472514,-121.7507803,1977-09-16,obsr14968,5.0,PASSERIFORMES,1977
Pectoral Sandpiper,38.703932,-121.7213917,1977-09-20,obsr14968,4.0,CHARADRIIFORMES,1977
Red Knot,38.703932,-121.7213917,1977-09-20,obsr14968,4.0,CHARADRIIFORMES,1977
Sharp-tailed Sandpiper,38.703932,-121.7213917,1977-09-20,obsr14968,4.0,CHARADRIIFORMES,1977
Snow Bunting,38.5141576,-122.1031666,1977-11-11,obsr718596,5.0,PASSERIFORMES,1977
Townsend's Solitaire,38.5141576,-122.1031666,1977-11-20,obsr14968,4.0,PASSERIFORMES,1977
Rough-legged Hawk,38.6187482,-121.7470551,1978-02-11,obsr26970,4.0,ACCIPITRIFORMES,1978
Pectoral Sandpiper,38.703932,-121.7213917,1978-09-15,obsr14968,4.0,CHARADRIIFORMES,1978
Common Loon,38.4992677,-122.0381695,1979-01-21,obsr1482740,4.0,GAVIIFORMES,1979
Flammulated Owl,38.6478866,-121.7654371,1979-10-16,obsr14968,4.0,STRIGIFORMES,1979
Black-legged Kittiwake,38.5930928,-121.6697216,1979-11-12,obsr14968,5.0,CHARADRIIFORMES,1979
Mountain Plover,38.7490978,-121.6892329,1979-11-24,obsr14968,4.0,CHARADRIIFORMES,1979
Rough-legged Hawk,38.5930928,-121.6697216,1979-11-24,obsr14968,4.0,ACCIPITRIFORMES,1979
Bohemian Waxwing,38.5420092,-121.750382,1980-01-10,obsr14968,5.0,PASSERIFORMES,1980
Rough-legged Hawk,38.3429768,-121.5878348,1980-01-11,obsr718596,4.0,ACCIPITRIFORMES,1980
Lawrence's Goldfinch,38.6955923,-122.1182084,1980-03-22,obsr14968,4.0,PASSERIFORMES,1980
Red-throated Loon,38.5141576,-122.1031666,1980-03-26,obsr14968,5.0,GAVIIFORMES,1980
Calliope Hummingbird,38.5404641,-121.6845393,1980-05-02,obsr14968,4.0,CAPRIMULGIFORMES,1980
Allen's Hummingbird,38.5373553,-121.7475432,1980-06-03,obsr14968,4.0,CAPRIMULGIFORMES,1980
Pectoral Sandpiper,38.703932,-121.7213917,1980-09-16,obsr14968,4.0,CHARADRIIFORMES,1980
Sanderling,38.703932,-121.7213917,1980-09-16,obsr14968,4.0,CHARADRIIFORMES,1980
Ruddy Turnstone,38.5930928,-121.6697216,1980-09-16,obsr14968,4.0,CHARADRIIFORMES,1980
Franklin's Gull,38.5930928,-121.6697216,1981-04-04,obsr14968,4.0,CHARADRIIFORMES,1981
Pectoral Sandpiper,38.703932,-121.7213917,1981-09-12,obsr88799,4.0,CHARADRIIFORMES,1981
Ruff,38.703932,-121.7213917,1981-09-12,obsr88799,4.0,CHARADRIIFORMES,1981
Sage Thrasher,38.703932,-121.7213917,1981-09-12,obsr88799,4.0,PASSERIFORMES,1981
Sabine's Gull,38.703932,-121.7213917,1981-09-19,obsr14968,4.0,CHARADRIIFORMES,1981
Townsend's Solitaire,38.5160663,-122.098095,1981-12-20,obsr215374,4.0,PASSERIFORMES,1981
Rough-legged Hawk,38.5130495,-121.6073227,1981-12-27,obsr14968,4.0,ACCIPITRIFORMES,1981
Rough-legged Hawk,38.4239109,-121.6918822,1982-01-22,obsr14968,4.0,ACCIPITRIFORMES,1982
Lapland Longspur,38.4239109,-121.6918822,1982-01-23,obsr14968,4.0,PASSERIFORMES,1982
Mountain Plover,38.5971513,-121.7302322,1982-01-23,obsr265147,4.0,CHARADRIIFORMES,1982
Townsend's Solitaire,38.5363669,-121.7485464,1982-01-26,obsr14968,4.0,PASSERIFORMES,1982
Surf Scoter,38.5930928,-121.6697216,1982-01-26,obsr14968,4.0,ANSERIFORMES,1982
Evening Grosbeak,38.5363669,-121.7485464,1982-01-26,obsr14968,4.0,PASSERIFORMES,1982
Yellow-billed Cuckoo,38.6598791,-121.6099737,1982-05-20,obsr14968,4.0,CUCULIFORMES,1982
Rose-breasted Grosbeak,38.6598791,-121.6099737,1982-06-10,obsr14968,4.0,PASSERIFORMES,1982
Black-throated Green Warbler,38.6598791,-121.6099737,1982-06-18,obsr14968,5.0,PASSERIFORMES,1982
Red-eyed Vireo,38.6615862,-121.6128512,1982-09-08,obsr14968,5.0,PASSERIFORMES,1982
Surf Scoter,38.5602472,-121.5981817,1983-02-11,obsr14968,4.0,ANSERIFORMES,1983
Mountain Plover,38.7464524,-121.7295456,1983-11-27,obsr60228,4.0,CHARADRIIFORMES,1983
Horned Grebe,38.5471753,-121.7280436,1984-01-17,obsr163782,4.0,PODICIPEDIFORMES,1984
Rough-legged Hawk,38.6719793,-121.9518471,1984-01-21,obsr26970,4.0,ACCIPITRIFORMES,1984
Northern Saw-whet Owl,38.5427227,-121.7654255,1985-01-06,obsr718596,4.0,STRIGIFORMES,1985
Northern Shrike,38.6758613,-121.6693783,1985-01-17,obsr163782,4.0,PASSERIFORMES,1985
Rough-legged Hawk,38.703932,-121.7213917,1985-01-27,obsr718596,4.0,ACCIPITRIFORMES,1985
Pacific Loon,38.4945782,-122.0090103,1985-05-10,obsr718596,5.0,GAVIIFORMES,1985
Black-chinned Sparrow,38.8080118,-122.2295952,1985-05-17,obsr718596,4.0,PASSERIFORMES,1985
Lapland Longspur,38.5371558,-121.7803574,1985-11-21,obsr718596,4.0,PASSERIFORMES,1985
Mountain Plover,38.6052543,-121.7300892,1985-11-25,obsr26970,4.0,CHARADRIIFORMES,1985
Mountain Plover,38.9218929,-121.8600142,1986-01-01,obsr229232,4.0,CHARADRIIFORMES,1986
Rough-legged Hawk,38.5930928,-121.6697216,1986-01-06,obsr718596,4.0,ACCIPITRIFORMES,1986
Northern Shrike,38.5934618,-121.6840553,1986-01-13,obsr718596,4.0,PASSERIFORMES,1986
Steller's Jay,38.8539795,-122.2014856,1986-02-23,obsr718596,4.0,PASSERIFORMES,1986
Red-throated Loon,38.5711191,-121.5764236,1986-03-14,obsr293781,5.0,GAVIIFORMES,1986
Calliope Hummingbird,38.5652917,-121.983677,1986-04-27,obsr718596,4.0,CAPRIMULGIFORMES,1986
Gray Flycatcher,38.5564344,-121.7332014,1986-05-10,obsr718596,4.0,PASSERIFORMES,1986
Costa's Hummingbird,38.875265,-122.3256612,1986-05-19,obsr163782,4.0,CAPRIMULGIFORMES,1986
Pectoral Sandpiper,38.6943865,-121.724267,1986-08-07,obsr163782,4.0,CHARADRIIFORMES,1986
Sabine's Gull,38.5930928,-121.6697216,1986-09-12,obsr163782,4.0,CHARADRIIFORMES,1986
Evening Grosbeak,38.5606499,-121.7164564,1986-11-30,obsr678154,4.0,PASSERIFORMES,1986
Rough-legged Hawk,38.5573017,-121.7253955,1987-01-15,obsr34154,4.0,ACCIPITRIFORMES,1987
Stilt Sandpiper,38.703932,-121.7213917,1987-07-01,obsr57626,4.0,CHARADRIIFORMES,1987
Ruddy Turnstone,38.5930928,-121.6697216,1987-07-26,obsr293781,4.0,CHARADRIIFORMES,1987
Pacific Golden-Plover,38.6806857,-121.6590786,1987-08-09,obsr293781,4.0,CHARADRIIFORMES,1987
Pectoral Sandpiper,38.5930928,-121.6697216,1987-09-15,obsr293781,4.0,CHARADRIIFORMES,1987
Sabine's Gull,38.7134427,-121.7472267,1987-10-16,obsr293781,4.0,CHARADRIIFORMES,1987
Mountain Plover,38.6112691,-121.692545,1987-11-15,obsr293781,4.0,CHARADRIIFORMES,1987
Steller's Jay,38.5141576,-122.1031666,1987-11-21,obsr293781,4.0,PASSERIFORMES,1987
Rough-legged Hawk,38.4239109,-121.6918822,1988-01-16,obsr14968,4.0,ACCIPITRIFORMES,1988
Horned Grebe,38.562462,-121.553936,1988-02-20,obsr293781,4.0,PODICIPEDIFORMES,1988
Evening Grosbeak,38.5606499,-121.7164564,1988-05-25,obsr678154,4.0,PASSERIFORMES,1988
Garganey,38.703932,-121.7213917,1988-06-19,obsr293781,5.0,ANSERIFORMES,1988
Calliope Hummingbird,38.4795151,-121.5519791,1988-09-17,obsr293781,4.0,CAPRIMULGIFORMES,1988
Pectoral Sandpiper,38.5930928,-121.6697216,1988-10-03,obsr293781,4.0,CHARADRIIFORMES,1988
Black-and-white Warbler,38.5606499,-121.7164564,1988-12-12,obsr678154,4.0,PASSERIFORMES,1988
Mountain Plover,38.5749441,-121.6764164,1989-01-02,obsr496984,4.0,CHARADRIIFORMES,1989
Rough-legged Hawk,38.8894462,-122.2388864,1989-01-07,obsr496984,4.0,ACCIPITRIFORMES,1989
Northern Shrike,38.6201085,-121.8894215,1989-01-19,obsr224810,4.0,PASSERIFORMES,1989
Franklin's Gull,38.6657506,-121.7174863,1989-02-10,obsr293781,4.0,CHARADRIIFORMES,1989
Snowy Plover,38.5930928,-121.6697216,1989-07-29,obsr293781,4.0,CHARADRIIFORMES,1989
Ruddy Turnstone,38.5930928,-121.6697216,1989-07-29,obsr293781,4.0,CHARADRIIFORMES,1989
Pacific Golden-Plover,38.5930928,-121.6697216,1989-10-12,obsr293781,4.0,CHARADRIIFORMES,1989
Common Loon,38.4945782,-122.0090103,1989-11-17,obsr293781,4.0,GAVIIFORMES,1989
Yellow-bellied Sapsucker,38.5573017,-121.7253955,1989-12-31,obsr34154,4.0,PICIFORMES,1989
Yellow-bellied Sapsucker,38.5573017,-121.7253955,1990-01-01,obsr34154,4.0,PICIFORMES,1990
Chestnut-backed Chickadee,38.5837552,-121.5083599,1990-04-18,obsr422560,4.0,PASSERIFORMES,1990
Stilt Sandpiper,38.5930928,-121.6697216,1990-09-01,obsr293781,4.0,CHARADRIIFORMES,1990
Common Tern,38.5930928,-121.6697216,1990-09-01,obsr293781,4.0,CHARADRIIFORMES,1990
Solitary Sandpiper,38.5553476,-121.7825031,1990-09-12,obsr202543,4.0,CHARADRIIFORMES,1990
Snowy Plover,38.4312351,-121.6294594,1990-12-25,obsr218054,4.0,CHARADRIIFORMES,1990
American Golden-Plover,38.4312351,-121.6294594,1990-12-25,obsr218054,4.0,CHARADRIIFORMES,1990
Rough-legged Hawk,38.560776,-121.784316,1991-01-05,obsr107139,4.0,ACCIPITRIFORMES,1991
Lawrence's Goldfinch,38.5573715,-121.7061219,1991-01-15,obsr34154,4.0,PASSERIFORMES,1991
Horned Grebe,38.5930928,-121.6697216,1991-09-12,obsr293781,4.0,PODICIPEDIFORMES,1991
Pectoral Sandpiper,38.5930928,-121.6697216,1991-09-20,obsr293781,4.0,CHARADRIIFORMES,1991
Sabine's Gull,38.5930928,-121.6697216,1991-09-25,obsr293781,4.0,CHARADRIIFORMES,1991
Mountain Plover,38.5749441,-121.6764164,1991-12-15,obsr293781,4.0,CHARADRIIFORMES,1991
Rough-legged Hawk,38.6477462,-121.6889048,1992-01-14,obsr293781,4.0,ACCIPITRIFORMES,1992
Lawrence's Goldfinch,38.5606499,-121.7164564,1992-02-26,obsr678154,4.0,PASSERIFORMES,1992
Calliope Hummingbird,38.5573017,-121.7253955,1992-04-23,obsr34154,4.0,CAPRIMULGIFORMES,1992
Black-chinned Sparrow,38.875265,-122.3256612,1992-05-02,obsr163782,4.0,PASSERIFORMES,1992
Cassin's Finch,38.5606499,-121.7164564,1992-09-23,obsr678154,4.0,PASSERIFORMES,1992
Evening Grosbeak,38.5606499,-121.7164564,1992-10-24,obsr678154,4.0,PASSERIFORMES,1992
Rough-legged Hawk,38.6112691,-121.692545,1993-01-22,obsr293781,4.0,ACCIPITRIFORMES,1993
Eastern Phoebe,38.5553476,-121.7825031,1993-01-30,obsr300268,4.0,PASSERIFORMES,1993
Mountain Plover,38.7417663,-121.7295456,1993-03-04,obsr221425,4.0,CHARADRIIFORMES,1993
Gray Flycatcher,38.5606499,-121.7164564,1993-04-28,obsr678154,4.0,PASSERIFORMES,1993
Sanderling,38.703932,-121.7213917,1993-10-18,obsr269592,4.0,CHARADRIIFORMES,1993
Yellow-bellied Sapsucker,38.5606499,-121.7164564,1993-11-15,obsr678154,4.0,PICIFORMES,1993
Lawrence's Goldfinch,38.5348977,-121.5259552,1993-12-19,obsr269592,4.0,PASSERIFORMES,1993
Mountain Plover,38.5454498,-121.7446572,1994-01-23,obsr530203,4.0,CHARADRIIFORMES,1994
Eastern Phoebe,38.5553476,-121.7825031,1994-02-10,obsr269592,4.0,PASSERIFORMES,1994
Rough-legged Hawk,38.6123101,-121.7113495,1994-03-10,obsr293781,4.0,ACCIPITRIFORMES,1994
Yellow-bellied Sapsucker,38.5606499,-121.7164564,1994-03-23,obsr678154,4.0,PICIFORMES,1994
Solitary Sandpiper,38.5713205,-121.7486858,1994-04-14,obsr34355,4.0,CHARADRIIFORMES,1994
Gray Flycatcher,38.5606499,-121.7164564,1994-05-13,obsr678154,4.0,PASSERIFORMES,1994
Red Knot,38.6657506,-121.7174863,1994-05-17,obsr293781,4.0,CHARADRIIFORMES,1994
Summer Tanager,38.5606499,-121.7164564,1994-07-17,obsr678154,4.0,PASSERIFORMES,1994
Yellow-bellied Sapsucker,38.5449065,-121.7405167,1995-01-01,obsr106865,4.0,PICIFORMES,1995
Eastern Phoebe,38.5449065,-121.7405167,1995-01-01,obsr503056,4.0,PASSERIFORMES,1995
Mountain Plover,38.7482607,-121.730525,1995-01-01,obsr106865,4.0,CHARADRIIFORMES,1995
Grasshopper Sparrow,38.5363669,-121.7485464,1995-04-08,obsr162737,4.0,PASSERIFORMES,1995
Pacific Golden-Plover,38.5991973,-121.7263269,1995-04-23,obsr162737,4.0,CHARADRIIFORMES,1995
Curlew Sandpiper,38.678039,-121.6563749,1995-05-05,obsr293781,5.0,CHARADRIIFORMES,1995
Gray Flycatcher,38.5606499,-121.7164564,1995-05-10,obsr678154,4.0,PASSERIFORMES,1995
Lawrence's Goldfinch,38.912207,-122.2542286,1995-05-28,obsr162737,4.0,PASSERIFORMES,1995
Red-breasted Merganser,38.6886039,-121.8659091,1995-06-06,obsr131624,4.0,ANSERIFORMES,1995
Pectoral Sandpiper,38.7077074,-121.7322063,1995-08-20,obsr269592,4.0,CHARADRIIFORMES,1995
Stilt Sandpiper,38.703932,-121.7213917,1995-10-05,obsr269592,4.0,CHARADRIIFORMES,1995
Bobolink,38.536434,-121.7453706,1995-10-27,obsr182152,5.0,PASSERIFORMES,1995
Rough-legged Hawk,38.5749441,-121.6764164,1995-11-28,obsr293781,4.0,ACCIPITRIFORMES,1995
Mountain Plover,38.78939,-121.72764,1996-01-01,obsr162737,4.0,CHARADRIIFORMES,1996
Yellow-bellied Sapsucker,38.5606499,-121.7164564,1996-03-18,obsr678154,4.0,PICIFORMES,1996
Snowy Plover,38.6806857,-121.6590786,1996-04-20,obsr162737,4.0,CHARADRIIFORMES,1996
Solitary Sandpiper,38.703932,-121.7213917,1996-04-20,obsr293781,4.0,CHARADRIIFORMES,1996
Sage Thrasher,38.912207,-122.2542286,1996-04-27,obsr162737,4.0,PASSERIFORMES,1996
Lawrence's Goldfinch,38.7201061,-122.1425575,1996-04-27,obsr162737,4.0,PASSERIFORMES,1996
Gray Flycatcher,38.5606499,-121.7164564,1996-04-29,obsr678154,4.0,PASSERIFORMES,1996
Curlew Sandpiper,38.6806857,-121.6590786,1996-05-05,obsr269592,5.0,CHARADRIIFORMES,1996
Ruddy Turnstone,38.6806857,-121.6590786,1996-05-10,obsr162737,4.0,CHARADRIIFORMES,1996
Black-chinned Sparrow,38.8904984,-122.3169923,1996-05-12,obsr131624,4.0,PASSERIFORMES,1996
Evening Grosbeak,38.5606499,-121.7164564,1996-09-28,obsr678154,4.0,PASSERIFORMES,1996
Brewer's Sparrow,38.536434,-121.7453706,1996-10-07,obsr131624,4.0,PASSERIFORMES,1996
Surf Scoter,38.5930928,-121.6697216,1996-10-28,obsr131624,4.0,ANSERIFORMES,1996
Clark's Nutcracker,38.5523056,-121.7332888,1996-11-30,obsr131624,5.0,PASSERIFORMES,1996
Horned Grebe,38.5309118,-121.7603159,1996-12-01,obsr86452,4.0,PODICIPEDIFORMES,1996
Black-and-white Warbler,38.5837552,-121.5083599,1996-12-21,obsr401885,4.0,PASSERIFORMES,1996
Red-necked Grebe,38.4945782,-122.0090103,1997-01-05,obsr293781,4.0,PODICIPEDIFORMES,1997
Red-breasted Merganser,38.5141576,-122.1031666,1997-01-05,obsr293781,4.0,ANSERIFORMES,1997
Sage Thrasher,38.5591063,-121.7033672,1997-01-08,obsr293781,4.0,PASSERIFORMES,1997
Cassin's Finch,38.5522349,-121.7317772,1997-02-03,obsr300268,4.0,PASSERIFORMES,1997
Mountain Plover,38.7996,-121.71807,1997-02-14,obsr209998,4.0,CHARADRIIFORMES,1997
Lawrence's Goldfinch,38.6137332,-121.8493841,1997-04-19,obsr86452,4.0,PASSERIFORMES,1997
Calliope Hummingbird,38.5363669,-121.7485464,1997-04-20,obsr162737,4.0,CAPRIMULGIFORMES,1997
Gray Flycatcher,38.8718027,-122.3319248,1997-04-26,obsr162737,4.0,PASSERIFORMES,1997
Black-chinned Sparrow,38.9144032,-122.3157048,1997-05-10,obsr86452,4.0,PASSERIFORMES,1997
Evening Grosbeak,38.5606499,-121.7164564,1997-05-17,obsr678154,4.0,PASSERIFORMES,1997
Grasshopper Sparrow,38.635154,-122.012824,1997-05-19,obsr131624,4.0,PASSERIFORMES,1997
Indigo Bunting,38.5361226,-121.5233669,1997-07-29,obsr221161,4.0,PASSERIFORMES,1997
Summer Tanager,38.5361226,-121.5233669,1997-09-06,obsr293781,4.0,PASSERIFORMES,1997
Pectoral Sandpiper,38.5836668,-121.6371918,1997-09-06,obsr564229,4.0,CHARADRIIFORMES,1997
Brewer's Sparrow,38.6123101,-121.7113495,1997-10-31,obsr131624,4.0,PASSERIFORMES,1997
Black-throated Sparrow,38.682234,-121.643935,1997-11-09,obsr131624,5.0,PASSERIFORMES,1997
Rough-legged Hawk,38.4663584,-121.6485858,1997-11-28,obsr86424,4.0,ACCIPITRIFORMES,1997
Rough-legged Hawk,38.551789,-121.6208018,1998-01-06,obsr162737,4.0,ACCIPITRIFORMES,1998
Lapland Longspur,38.5089497,-121.6463412,1998-01-24,obsr131624,4.0,PASSERIFORMES,1998
Lawrence's Goldfinch,38.7201061,-122.1425575,1998-03-22,obsr162737,4.0,PASSERIFORMES,1998
Gray Flycatcher,38.5606499,-121.7164564,1998-04-28,obsr678154,4.0,PASSERIFORMES,1998
Snowy Plover,38.551789,-121.6208018,1998-05-09,obsr86424,4.0,CHARADRIIFORMES,1998
Pacific Golden-Plover,38.6657506,-121.7174863,1998-09-11,obsr86424,4.0,CHARADRIIFORMES,1998
Pectoral Sandpiper,38.5836668,-121.6371918,1998-09-11,obsr86424,4.0,CHARADRIIFORMES,1998
Sabine's Gull,38.6359808,-121.6171932,1998-09-13,obsr131624,4.0,CHARADRIIFORMES,1998
Evening Grosbeak,38.5606499,-121.7164564,1998-09-22,obsr678154,4.0,PASSERIFORMES,1998
Franklin's Gull,38.5930928,-121.6697216,1998-09-26,obsr86452,4.0,CHARADRIIFORMES,1998
Common Loon,38.4938102,-122.0065963,1998-11-30,obsr86452,4.0,GAVIIFORMES,1998
Ruff,38.663799,-121.6505814,1998-12-26,obsr269592,4.0,CHARADRIIFORMES,1998
Horned Grebe,38.5836668,-121.6371918,1999-01-01,obsr86424,4.0,PODICIPEDIFORMES,1999
Evening Grosbeak,38.5606499,-121.7164564,1999-01-21,obsr678154,4.0,PASSERIFORMES,1999
Townsend's Solitaire,38.601981,-121.5362173,1999-01-25,obsr34738,4.0,PASSERIFORMES,1999
Chestnut-backed Chickadee,38.5173654,-122.0562726,1999-02-28,obsr86452,4.0,PASSERIFORMES,1999
Little Gull,38.5836668,-121.6371918,1999-03-10,obsr131624,5.0,CHARADRIIFORMES,1999
Ruff,38.551789,-121.6208018,1999-03-15,obsr96124,4.0,CHARADRIIFORMES,1999
Lark Bunting,38.8089037,-121.946213,1999-04-11,obsr131624,4.0,PASSERIFORMES,1999
Grasshopper Sparrow,38.8021927,-121.9867587,1999-04-16,obsr86424,4.0,PASSERIFORMES,1999
Solitary Sandpiper,38.551789,-121.6208018,1999-04-24,obsr194146,4.0,CHARADRIIFORMES,1999
Steller's Jay,38.6942525,-122.0448446,1999-04-24,obsr51532,4.0,PASSERIFORMES,1999
Snowy Plover,38.551789,-121.6208018,1999-05-01,obsr86452,4.0,CHARADRIIFORMES,1999
Gray Flycatcher,38.5606499,-121.7164564,1999-05-16,obsr678154,4.0,PASSERIFORMES,1999
Franklin's Gull,38.5836668,-121.6371918,1999-08-07,obsr86452,4.0,CHARADRIIFORMES,1999
Common Tern,38.5836668,-121.6371918,1999-08-11,obsr86424,4.0,CHARADRIIFORMES,1999
Pectoral Sandpiper,38.551789,-121.6208018,1999-08-21,obsr162737,4.0,CHARADRIIFORMES,1999
Stilt Sandpiper,38.5836668,-121.6371918,1999-10-03,obsr86424,4.0,CHARADRIIFORMES,1999
American Golden-Plover,38.5836668,-121.6371918,1999-10-11,obsr86452,4.0,CHARADRIIFORMES,1999
Pacific Golden-Plover,38.5836668,-121.6371918,1999-10-12,obsr86452,4.0,CHARADRIIFORMES,1999
Chestnut-collared Longspur,38.7506026,-121.9424057,1999-11-22,obsr86452,4.0,PASSERIFORMES,1999
Rough-legged Hawk,38.7581661,-121.9422662,1999-11-26,obsr86424,4.0,ACCIPITRIFORMES,1999
Northern Shrike,38.5836668,-121.6371918,1999-12-05,obsr86424,4.0,PASSERIFORMES,1999
Mountain Plover,38.7349005,-121.7283062,1999-12-12,obsr20302,4.0,CHARADRIIFORMES,1999
Lapland Longspur,38.7506026,-121.9424057,1999-12-20,obsr109940,4.0,PASSERIFORMES,1999
Chestnut-collared Longspur,38.7506026,-121.9424057,2000-01-01,obsr162737,4.0,PASSERIFORMES,2000
Mountain Plover,38.7514789,-121.9840765,2000-01-01,obsr162737,4.0,CHARADRIIFORMES,2000
Rough-legged Hawk,38.7514789,-121.9840765,2000-01-01,obsr162737,4.0,ACCIPITRIFORMES,2000
Lapland Longspur,38.7514789,-121.9840765,2000-01-15,obsr1107319,4.0,PASSERIFORMES,2000
Tufted Duck,38.551789,-121.6208018,2000-02-04,obsr131624,5.0,ANSERIFORMES,2000
Northern Saw-whet Owl,38.571354,-121.7526126,2000-02-12,obsr86424,4.0,STRIGIFORMES,2000
Northern Shrike,38.5713205,-121.7486858,2000-02-20,obsr131624,4.0,PASSERIFORMES,2000
Lawrence's Goldfinch,38.5086168,-122.0168209,2000-02-24,obsr51532,4.0,PASSERIFORMES,2000
Grasshopper Sparrow,38.8756659,-122.02034,2000-04-21,obsr86452,4.0,PASSERIFORMES,2000
Calliope Hummingbird,38.8904984,-122.3169923,2000-04-24,obsr51532,4.0,CAPRIMULGIFORMES,2000
Solitary Sandpiper,38.5836668,-121.6371918,2000-04-24,obsr51532,4.0,CHARADRIIFORMES,2000
Long-tailed Jaeger,38.5836668,-121.6371918,2000-06-09,obsr14968,5.0,CHARADRIIFORMES,2000
Ruddy Turnstone,38.5930928,-121.6697216,2000-08-07,obsr56280,4.0,CHARADRIIFORMES,2000
Sanderling,38.5836668,-121.6371918,2000-08-25,obsr293781,4.0,CHARADRIIFORMES,2000
Common Tern,38.5836668,-121.6371918,2000-08-25,obsr293781,4.0,CHARADRIIFORMES,2000
Pectoral Sandpiper,38.551789,-121.6208018,2000-08-30,obsr50093,4.0,CHARADRIIFORMES,2000
Green-tailed Towhee,38.9144032,-122.3157048,2000-09-04,obsr86452,4.0,PASSERIFORMES,2000
Snowy Plover,38.5836668,-121.6371918,2000-09-16,obsr51532,4.0,CHARADRIIFORMES,2000
Palm Warbler,38.536434,-121.7453706,2000-10-09,obsr131624,5.0,PASSERIFORMES,2000
Clark's Nutcracker,38.5606499,-121.7164564,2000-10-14,obsr678154,5.0,PASSERIFORMES,2000
Clay-colored Sparrow,38.536434,-121.7453706,2000-10-25,obsr131624,4.0,PASSERIFORMES,2000
Evening Grosbeak,38.5606499,-121.7164564,2000-10-29,obsr678154,4.0,PASSERIFORMES,2000
Townsend's Solitaire,38.5606499,-121.7164564,2000-11-01,obsr678154,4.0,PASSERIFORMES,2000
Mountain Plover,38.7506026,-121.9424057,2001-01-28,obsr34738,4.0,CHARADRIIFORMES,2001
Rough-legged Hawk,38.7506026,-121.9424057,2001-01-28,obsr34738,4.0,ACCIPITRIFORMES,2001
Ruff,38.551789,-121.6208018,2001-02-05,obsr86453,4.0,CHARADRIIFORMES,2001
Lawrence's Goldfinch,38.551652,-121.737347,2001-02-20,obsr47743,4.0,PASSERIFORMES,2001
Horned Grebe,38.6879217,-122.0009422,2001-03-05,obsr51532,4.0,PODICIPEDIFORMES,2001
American Redstart,38.5288617,-121.8101321,2001-04-25,obsr14968,4.0,PASSERIFORMES,2001
Hooded Warbler,38.5606499,-121.7164564,2001-05-16,obsr678154,5.0,PASSERIFORMES,2001
Solitary Sandpiper,38.551789,-121.6208018,2001-05-30,obsr89308,4.0,CHARADRIIFORMES,2001
Least Tern,38.5836668,-121.6371918,2001-07-10,obsr131624,5.0,CHARADRIIFORMES,2001
Blackpoll Warbler,38.5713205,-121.7611313,2001-09-23,obsr86452,4.0,PASSERIFORMES,2001
Pectoral Sandpiper,38.551789,-121.6208018,2001-10-11,obsr162737,4.0,CHARADRIIFORMES,2001
Yellow-bellied Sapsucker,38.5441971,-121.686968,2001-12-23,obsr86452,4.0,PICIFORMES,2001
Yellow-bellied Sapsucker,38.5440706,-121.6894627,2002-01-04,obsr21210,4.0,PICIFORMES,2002
Rough-legged Hawk,38.5440706,-121.6894627,2002-01-04,obsr21210,4.0,ACCIPITRIFORMES,2002
Red-breasted Merganser,38.5416454,-121.578548,2002-01-06,obsr293781,4.0,ANSERIFORMES,2002
Tufted Duck,38.6359808,-121.6171932,2002-01-20,obsr678154,5.0,ANSERIFORMES,2002
Mountain Plover,38.7966,-121.88208,2002-01-27,obsr169571,4.0,CHARADRIIFORMES,2002
Long-tailed Duck,38.551789,-121.6208018,2002-02-05,obsr51532,5.0,ANSERIFORMES,2002
Townsend's Solitaire,38.550977,-121.7314124,2002-02-12,obsr86452,4.0,PASSERIFORMES,2002
Ruff,38.551789,-121.6208018,2002-02-16,obsr172295,4.0,CHARADRIIFORMES,2002
Pacific Golden-Plover,38.551789,-121.6208018,2002-03-16,obsr393294,4.0,CHARADRIIFORMES,2002
Lawrence's Goldfinch,38.5288617,-121.8101321,2002-04-15,obsr14968,4.0,PASSERIFORMES,2002
Ruddy Turnstone,38.5836668,-121.6371918,2002-07-21,obsr86452,4.0,CHARADRIIFORMES,2002
Sabine's Gull,38.5836668,-121.6371918,2002-09-15,obsr51532,4.0,CHARADRIIFORMES,2002
Chestnut-sided Warbler,38.550977,-121.7314124,2002-09-15,obsr86452,4.0,PASSERIFORMES,2002
Blackpoll Warbler,38.4795151,-121.5519791,2002-09-22,obsr86453,4.0,PASSERIFORMES,2002
Green-tailed Towhee,38.4795151,-121.5519791,2002-09-28,obsr293781,4.0,PASSERIFORMES,2002
American Golden-Plover,38.5930928,-121.6697216,2002-09-28,obsr86452,4.0,CHARADRIIFORMES,2002
Pectoral Sandpiper,38.6657506,-121.7174863,2002-10-04,obsr86453,4.0,CHARADRIIFORMES,2002
Common Loon,38.4945782,-122.0090103,2002-10-27,obsr86453,4.0,GAVIIFORMES,2002
Surf Scoter,38.541721,-121.9916725,2002-10-31,obsr86453,4.0,ANSERIFORMES,2002
Mountain Plover,38.79286,-121.85895,2003-01-04,obsr162737,4.0,CHARADRIIFORMES,2003
Ruff,38.551789,-121.6208018,2003-02-13,obsr162737,4.0,CHARADRIIFORMES,2003
Rough-legged Hawk,38.55201,-121.83279,2003-02-17,obsr162737,4.0,ACCIPITRIFORMES,2003
Sage Thrasher,38.560776,-121.784316,2003-03-15,obsr107139,4.0,PASSERIFORMES,2003
Steller's Jay,38.496376,-122.03191,2003-04-18,obsr27459,4.0,PASSERIFORMES,2003
Grasshopper Sparrow,38.496376,-122.03191,2003-04-18,obsr27459,4.0,PASSERIFORMES,2003
Calliope Hummingbird,38.55201,-121.83279,2003-05-03,obsr162737,4.0,CAPRIMULGIFORMES,2003
Lawrence's Goldfinch,38.7201061,-122.1425575,2003-05-04,obsr162737,4.0,PASSERIFORMES,2003
Brewer's Sparrow,38.551789,-121.6208018,2003-05-10,obsr55174,4.0,PASSERIFORMES,2003
Gray Flycatcher,38.5606499,-121.7164564,2003-05-17,obsr678154,4.0,PASSERIFORMES,2003
Gray Catbird,38.6471424,-121.666432,2003-06-12,obsr131624,5.0,PASSERIFORMES,2003
Pectoral Sandpiper,38.5872226,-121.6399384,2003-08-29,obsr111309,4.0,CHARADRIIFORMES,2003
Pacific Golden-Plover,38.6657506,-121.7174863,2003-08-29,obsr86453,4.0,CHARADRIIFORMES,2003
Chestnut-sided Warbler,38.4795151,-121.5519791,2003-09-06,obsr86453,4.0,PASSERIFORMES,2003
Blackpoll Warbler,38.55201,-121.83279,2003-09-20,obsr162737,4.0,PASSERIFORMES,2003
Chestnut-backed Chickadee,38.5309118,-121.7603159,2003-09-30,obsr51532,4.0,PASSERIFORMES,2003
Clay-colored Sparrow,38.6657506,-121.7174863,2003-10-02,obsr51532,4.0,PASSERIFORMES,2003
Costa's Hummingbird,38.4959689,-121.6941027,2003-10-02,obsr51532,4.0,CAPRIMULGIFORMES,2003
Tennessee Warbler,38.4959689,-121.6941027,2003-10-08,obsr51532,4.0,PASSERIFORMES,2003
Tropical Kingbird,38.4159077,-121.6922219,2003-11-13,obsr283124,5.0,PASSERIFORMES,2003
Scissor-tailed Flycatcher,38.5363669,-121.7485464,2003-12-12,obsr131624,5.0,PASSERIFORMES,2003
Chestnut-collared Longspur,38.7508704,-121.9562888,2003-12-30,obsr86453,4.0,PASSERIFORMES,2003
Rough-legged Hawk,38.7506026,-121.9424057,2004-01-01,obsr162737,4.0,ACCIPITRIFORMES,2004
Grasshopper Sparrow,38.7506026,-121.9424057,2004-01-01,obsr162737,4.0,PASSERIFORMES,2004
Chestnut-collared Longspur,38.7656196,-121.9886684,2004-01-11,obsr162737,4.0,PASSERIFORMES,2004
Chestnut-backed Chickadee,38.5309118,-121.7603159,2004-01-13,obsr127892,4.0,PASSERIFORMES,2004
Scissor-tailed Flycatcher,38.5363669,-121.7485464,2004-01-16,obsr86453,5.0,PASSERIFORMES,2004
Mountain Plover,38.7512218,-121.9428563,2004-01-18,obsr111309,4.0,CHARADRIIFORMES,2004
Northern Shrike,38.5713205,-121.7486858,2004-02-09,obsr51532,4.0,PASSERIFORMES,2004
Townsend's Solitaire,38.8080118,-122.2295952,2004-03-08,obsr86453,4.0,PASSERIFORMES,2004
Lawrence's Goldfinch,38.9212225,-121.8994904,2004-04-15,obsr23114,4.0,PASSERIFORMES,2004
Gray Flycatcher,38.5606499,-121.7164564,2004-04-24,obsr678154,4.0,PASSERIFORMES,2004
Calliope Hummingbird,38.8575464,-122.3602059,2004-04-25,obsr162737,4.0,CAPRIMULGIFORMES,2004
Red-eyed Vireo,38.5713205,-121.7611313,2004-05-28,obsr131624,5.0,PASSERIFORMES,2004
Eastern Wood-Pewee,38.5204199,-121.9676399,2004-06-26,obsr131624,5.0,PASSERIFORMES,2004
Snowy Plover,38.5836668,-121.6371918,2004-07-15,obsr163199,4.0,CHARADRIIFORMES,2004
Solitary Sandpiper,38.5836668,-121.6371918,2004-08-16,obsr163199,4.0,CHARADRIIFORMES,2004
Sanderling,38.5836668,-121.6371918,2004-08-22,obsr163199,4.0,CHARADRIIFORMES,2004
Pectoral Sandpiper,38.6657506,-121.7174863,2004-09-29,obsr163199,4.0,CHARADRIIFORMES,2004
Pacific Golden-Plover,38.6657506,-121.7174863,2004-09-29,obsr163199,4.0,CHARADRIIFORMES,2004
Blackpoll Warbler,38.5271852,-121.8034887,2004-10-01,obsr163199,4.0,PASSERIFORMES,2004
Common Tern,38.6657506,-121.7174863,2004-10-07,obsr163199,4.0,CHARADRIIFORMES,2004
Common Loon,38.4945782,-122.0090103,2004-11-05,obsr51532,4.0,GAVIIFORMES,2004
Horned Grebe,38.5836668,-121.6371918,2004-11-05,obsr163199,4.0,PODICIPEDIFORMES,2004
Horned Grebe,38.6123101,-121.7113495,2005-01-15,obsr163199,4.0,PODICIPEDIFORMES,2005
Red-necked Grebe,38.5891884,-121.7004962,2005-01-29,obsr86453,4.0,PODICIPEDIFORMES,2005
Mountain Plover,38.7342011,-121.7300391,2005-01-30,obsr163199,4.0,CHARADRIIFORMES,2005
Rough-legged Hawk,38.386746,-121.6813087,2005-02-16,obsr182152,4.0,ACCIPITRIFORMES,2005
Steller's Jay,38.514269,-122.073003,2005-03-16,obsr163199,4.0,PASSERIFORMES,2005
Pacific Golden-Plover,38.6657506,-121.7174863,2005-03-30,obsr147985,4.0,CHARADRIIFORMES,2005
Lawrence's Goldfinch,38.5380113,-121.8675303,2005-04-20,obsr14968,4.0,PASSERIFORMES,2005
Gray Flycatcher,38.5380113,-121.8675303,2005-04-20,obsr14968,4.0,PASSERIFORMES,2005
Plumbeous Vireo,38.5271852,-121.8034887,2005-04-22,obsr86453,4.0,PASSERIFORMES,2005
Grasshopper Sparrow,38.8160374,-121.9205403,2005-04-27,obsr163199,4.0,PASSERIFORMES,2005
Least Tern,38.5836668,-121.6371918,2005-06-20,obsr163199,5.0,CHARADRIIFORMES,2005
Yellow-billed Cuckoo,38.6939511,-121.703968,2005-07-23,obsr131624,4.0,CUCULIFORMES,2005
Ruddy Turnstone,38.6657506,-121.7174863,2005-08-04,obsr163199,4.0,CHARADRIIFORMES,2005
Rose-breasted Grosbeak,38.4795151,-121.5519791,2005-09-11,obsr34738,4.0,PASSERIFORMES,2005
Chestnut-backed Chickadee,38.5271852,-121.8034887,2005-09-13,obsr163199,4.0,PASSERIFORMES,2005
Green-tailed Towhee,38.4959689,-121.6941027,2005-09-21,obsr51532,4.0,PASSERIFORMES,2005
Ovenbird,38.4795151,-121.5519791,2005-09-22,obsr14968,5.0,PASSERIFORMES,2005
Northern Parula,38.4795151,-121.5519791,2005-09-22,obsr14968,4.0,PASSERIFORMES,2005
Pectoral Sandpiper,38.5930928,-121.6697216,2005-10-06,obsr163199,4.0,CHARADRIIFORMES,2005
Evening Grosbeak,38.5606499,-121.7164564,2005-10-11,obsr678154,4.0,PASSERIFORMES,2005
Sharp-tailed Sandpiper,38.551789,-121.6208018,2005-10-31,obsr127892,4.0,CHARADRIIFORMES,2005
Swamp Sparrow,38.703932,-121.7213917,2005-11-05,obsr51532,4.0,PASSERIFORMES,2005
Mountain Chickadee,38.5606499,-121.7164564,2005-11-25,obsr163199,5.0,PASSERIFORMES,2005
Eastern Phoebe,38.5189593,-121.6950417,2005-12-10,obsr103121,4.0,PASSERIFORMES,2005
Snowy Plover,38.5930928,-121.6697216,2005-12-13,obsr163199,4.0,CHARADRIIFORMES,2005
Mountain Chickadee,38.5606499,-121.7164564,2006-01-03,obsr678154,5.0,PASSERIFORMES,2006
Evening Grosbeak,38.5606499,-121.7164564,2006-01-03,obsr678154,4.0,PASSERIFORMES,2006
Ovenbird,38.5175251,-121.6911685,2006-01-04,obsr86452,5.0,PASSERIFORMES,2006
Northern Shrike,38.4944768,-122.0265383,2006-01-08,obsr20837,4.0,PASSERIFORMES,2006
Mountain Plover,38.734335,-121.7328501,2006-01-08,obsr86453,4.0,CHARADRIIFORMES,2006
Snowy Owl,38.5366884,-121.6936807,2006-01-14,obsr86422,5.0,STRIGIFORMES,2006
Red-necked Grebe,38.541721,-121.9916725,2006-01-14,obsr60864,4.0,PODICIPEDIFORMES,2006
Lawrence's Goldfinch,38.8993173,-122.2572932,2006-05-07,obsr18725,4.0,PASSERIFORMES,2006
Solitary Sandpiper,38.7101609,-122.0473766,2006-05-15,obsr86453,4.0,CHARADRIIFORMES,2006
Snowy Plover,38.5421909,-121.6247463,2006-05-19,obsr111309,4.0,CHARADRIIFORMES,2006
Chestnut-sided Warbler,38.6022493,-121.5788269,2006-05-31,obsr110091,4.0,PASSERIFORMES,2006
Sage Thrasher,38.4921,-121.6353,2006-06-03,obsr86453,4.0,PASSERIFORMES,2006
Indigo Bunting,38.7618974,-121.6576195,2006-06-09,obsr678154,4.0,PASSERIFORMES,2006
Grasshopper Sparrow,38.5836668,-121.6371918,2006-08-12,obsr163199,4.0,PASSERIFORMES,2006
Rose-breasted Grosbeak,38.4795151,-121.5519791,2006-08-16,obsr51532,4.0,PASSERIFORMES,2006
Red Knot,38.5483668,-121.6266346,2006-08-19,obsr18725,4.0,CHARADRIIFORMES,2006
Pectoral Sandpiper,38.5836668,-121.6371918,2006-09-02,obsr86453,4.0,CHARADRIIFORMES,2006
Common Tern,38.5836668,-121.6371918,2006-09-04,obsr86453,4.0,CHARADRIIFORMES,2006
Brewer's Sparrow,38.551789,-121.6208018,2006-09-10,obsr30575,4.0,PASSERIFORMES,2006
Long-tailed Jaeger,38.5836668,-121.6371918,2006-09-15,obsr86453,5.0,CHARADRIIFORMES,2006
Ruff,38.551789,-121.6208018,2006-09-23,obsr49543,4.0,CHARADRIIFORMES,2006
Blackpoll Warbler,38.5713205,-121.7611313,2006-10-06,obsr131624,4.0,PASSERIFORMES,2006
Eastern Phoebe,38.5606499,-121.7164564,2006-10-14,obsr678154,4.0,PASSERIFORMES,2006
American Tree Sparrow,38.551789,-121.6208018,2006-10-20,obsr131624,5.0,PASSERIFORMES,2006
American Golden-Plover,38.551789,-121.6208018,2006-10-24,obsr182152,4.0,CHARADRIIFORMES,2006
Taiga Flycatcher,38.514269,-122.073003,2006-10-25,obsr127892,5.0,PASSERIFORMES,2006
Chestnut-backed Chickadee,38.5175197,-122.0576218,2006-10-26,obsr107968,4.0,PASSERIFORMES,2006
Horned Grebe,38.551789,-121.6208018,2006-11-03,obsr424592,4.0,PODICIPEDIFORMES,2006
Rough-legged Hawk,38.7518963,-121.9431735,2006-11-11,obsr106884,4.0,ACCIPITRIFORMES,2006
Lapland Longspur,38.7506026,-121.9424057,2007-01-01,obsr51532,4.0,PASSERIFORMES,2007
Ovenbird,38.5187533,-121.6943263,2007-01-12,obsr1060,5.0,PASSERIFORMES,2007
Mountain Plover,38.6123101,-121.7113495,2007-01-19,obsr36526,4.0,CHARADRIIFORMES,2007
American Tree Sparrow,38.551789,-121.6208018,2007-01-25,obsr147566,5.0,PASSERIFORMES,2007
Rough-legged Hawk,38.9238268,-121.8720675,2007-02-03,obsr21210,4.0,ACCIPITRIFORMES,2007
Northern Shrike,38.9253626,-121.9903851,2007-02-06,obsr86422,4.0,PASSERIFORMES,2007
Horned Grebe,38.562462,-121.553936,2007-02-19,obsr86453,4.0,PODICIPEDIFORMES,2007
Lawrence's Goldfinch,38.6710366,-121.8955421,2007-03-29,obsr163782,4.0,PASSERIFORMES,2007
Black Swift,38.7618974,-121.6576195,2007-05-14,obsr14968,4.0,CAPRIMULGIFORMES,2007
Yellow-throated Warbler,38.5713205,-121.7611313,2007-06-06,obsr131624,5.0,PASSERIFORMES,2007
Curlew Sandpiper,38.5628685,-121.6392448,2007-06-10,obsr507417,5.0,CHARADRIIFORMES,2007
Franklin's Gull,38.5950495,-121.6601585,2007-06-10,obsr507417,4.0,CHARADRIIFORMES,2007
Pectoral Sandpiper,38.551789,-121.6208018,2007-07-30,obsr51532,4.0,CHARADRIIFORMES,2007
Red Knot,38.6657506,-121.7174863,2007-08-07,obsr51532,4.0,CHARADRIIFORMES,2007
Solitary Sandpiper,38.663799,-121.6505814,2007-08-21,obsr14968,4.0,CHARADRIIFORMES,2007
Brewer's Sparrow,38.52413,-121.7842627,2007-08-24,obsr14968,4.0,PASSERIFORMES,2007
Glossy Ibis,38.551789,-121.6208018,2007-08-25,obsr300268,5.0,PELECANIFORMES,2007
Long-tailed Jaeger,38.5930928,-121.6697216,2007-08-25,obsr51532,5.0,CHARADRIIFORMES,2007
Common Tern,38.5836668,-121.6371918,2007-09-08,obsr131624,4.0,CHARADRIIFORMES,2007
Least Flycatcher,38.4959689,-121.6941027,2007-09-20,obsr86453,4.0,PASSERIFORMES,2007
Pacific Golden-Plover,38.6657506,-121.7174863,2007-10-05,obsr51532,4.0,CHARADRIIFORMES,2007
Ruff,38.4921,-121.6353,2007-10-11,obsr117597,4.0,CHARADRIIFORMES,2007
Sharp-tailed Sandpiper,38.551789,-121.6208018,2007-10-26,obsr153397,4.0,CHARADRIIFORMES,2007
Evening Grosbeak,38.5606499,-121.7164564,2007-11-11,obsr678154,4.0,PASSERIFORMES,2007
Mountain Chickadee,38.5606499,-121.7164564,2007-12-23,obsr678154,5.0,PASSERIFORMES,2007
Rough-legged Hawk,38.7518963,-121.9431735,2008-01-06,obsr106884,4.0,ACCIPITRIFORMES,2008
Horned Grebe,38.8190468,-121.8073082,2008-01-18,obsr111087,4.0,PODICIPEDIFORMES,2008
Cassin's Finch,38.5606499,-121.7164564,2008-01-28,obsr678154,4.0,PASSERIFORMES,2008
Ruff,38.4921,-121.6353,2008-03-04,obsr141181,4.0,CHARADRIIFORMES,2008
Lawrence's Goldfinch,38.7123276,-122.1316924,2008-04-24,obsr263087,4.0,PASSERIFORMES,2008
Gray Flycatcher,38.5606499,-121.7164564,2008-04-27,obsr678154,4.0,PASSERIFORMES,2008
Stilt Sandpiper,38.5836668,-121.6371918,2008-07-31,obsr86453,4.0,CHARADRIIFORMES,2008
Brown Pelican,38.551789,-121.6208018,2008-08-08,obsr292062,4.0,PELECANIFORMES,2008
Solitary Sandpiper,38.5836668,-121.6371918,2008-08-10,obsr153397,4.0,CHARADRIIFORMES,2008
Green-tailed Towhee,38.5189593,-121.6950417,2008-08-12,obsr194866,4.0,PASSERIFORMES,2008
Plumbeous Vireo,38.5175251,-121.6911685,2008-08-31,obsr131624,4.0,PASSERIFORMES,2008
Common Tern,38.5836668,-121.6371918,2008-09-09,obsr424592,4.0,CHARADRIIFORMES,2008
Pectoral Sandpiper,38.6657506,-121.7174863,2008-09-24,obsr424592,4.0,CHARADRIIFORMES,2008
Sabine's Gull,38.6657506,-121.7174863,2008-09-25,obsr424592,4.0,CHARADRIIFORMES,2008
Pacific Golden-Plover,38.6657506,-121.7174863,2008-09-25,obsr131624,4.0,CHARADRIIFORMES,2008
Chestnut-sided Warbler,38.5713205,-121.7611313,2008-10-05,obsr131624,4.0,PASSERIFORMES,2008
Chestnut-backed Chickadee,38.8904984,-122.3169923,2008-10-13,obsr131624,4.0,PASSERIFORMES,2008
Costa's Hummingbird,38.5373553,-121.7475432,2008-11-20,obsr14968,4.0,CAPRIMULGIFORMES,2008
Rough-legged Hawk,38.5991973,-121.7263269,2009-01-25,obsr91229,4.0,ACCIPITRIFORMES,2009
Costa's Hummingbird,38.5503135,-121.5376282,2009-02-06,obsr172662,4.0,CAPRIMULGIFORMES,2009
Chestnut-backed Chickadee,38.5719646,-121.9714964,2009-02-07,obsr34355,4.0,PASSERIFORMES,2009
Townsend's Solitaire,38.5371855,-121.7321956,2009-02-12,obsr34154,4.0,PASSERIFORMES,2009
Lesser Black-backed Gull,38.5930928,-121.6697216,2009-02-12,obsr51532,4.0,CHARADRIIFORMES,2009
Mountain Plover,38.5934618,-121.6840553,2009-02-13,obsr51532,4.0,CHARADRIIFORMES,2009
Slaty-backed Gull,38.5930928,-121.6697216,2009-02-27,obsr50093,5.0,CHARADRIIFORMES,2009
Stilt Sandpiper,38.551789,-121.6208018,2009-04-13,obsr88799,4.0,CHARADRIIFORMES,2009
Ruddy Turnstone,38.551789,-121.6208018,2009-04-14,obsr88799,4.0,CHARADRIIFORMES,2009
Gray Flycatcher,38.551789,-121.6208018,2009-04-21,obsr88799,4.0,PASSERIFORMES,2009
Summer Tanager,38.5713205,-121.7611313,2009-05-17,obsr51532,4.0,PASSERIFORMES,2009
Red-eyed Vireo,38.5713205,-121.7486858,2009-07-18,obsr34154,5.0,PASSERIFORMES,2009
Northern Parula,38.5713205,-121.7486858,2009-07-30,obsr51532,4.0,PASSERIFORMES,2009
Solitary Sandpiper,38.5930928,-121.6697216,2009-08-19,obsr182152,4.0,CHARADRIIFORMES,2009
Red-necked Stint,38.5478,-121.6191,2009-08-29,obsr123137,5.0,CHARADRIIFORMES,2009
Snowy Plover,38.551789,-121.6208018,2009-09-04,obsr34738,4.0,CHARADRIIFORMES,2009
Sharp-tailed Sandpiper,38.551789,-121.6208018,2009-09-04,obsr51532,4.0,CHARADRIIFORMES,2009
Pectoral Sandpiper,38.5483668,-121.6266346,2009-09-04,obsr26973,4.0,CHARADRIIFORMES,2009
Grasshopper Sparrow,38.551789,-121.6208018,2009-09-06,obsr54305,4.0,PASSERIFORMES,2009
Pacific Golden-Plover,38.6657506,-121.7174863,2009-09-07,obsr51532,4.0,CHARADRIIFORMES,2009
Sanderling,38.5836668,-121.6371918,2009-09-11,obsr131624,4.0,CHARADRIIFORMES,2009
Blackpoll Warbler,38.525432,-121.790527,2009-09-26,obsr678154,4.0,PASSERIFORMES,2009
Tennessee Warbler,38.5713205,-121.7611313,2009-09-28,obsr131624,4.0,PASSERIFORMES,2009
Bobolink,38.5262483,-121.7925345,2009-10-06,obsr14968,5.0,PASSERIFORMES,2009
Chestnut-sided Warbler,38.5271852,-121.8034887,2009-10-07,obsr152314,4.0,PASSERIFORMES,2009
Brewer's Sparrow,38.551789,-121.6208018,2009-10-10,obsr153397,4.0,PASSERIFORMES,2009
Steller's Jay,38.5157372,-122.0895195,2009-12-01,obsr123137,4.0,PASSERIFORMES,2009
Rough-legged Hawk,38.6194691,-121.7849922,2010-04-13,obsr129389,4.0,ACCIPITRIFORMES,2010
Gray Flycatcher,38.5271852,-121.8034887,2010-04-15,obsr131624,4.0,PASSERIFORMES,2010
Bell's Vireo,38.551789,-121.6208018,2010-04-16,obsr88799,4.0,PASSERIFORMES,2010
Solitary Sandpiper,38.551789,-121.6208018,2010-04-22,obsr127892,4.0,CHARADRIIFORMES,2010
Ruff,38.551789,-121.6208018,2010-04-22,obsr88799,4.0,CHARADRIIFORMES,2010
Grasshopper Sparrow,38.6843038,-122.1155691,2010-05-12,obsr50093,4.0,PASSERIFORMES,2010
Plumbeous Vireo,38.5427589,-121.7058716,2010-05-14,obsr51532,4.0,PASSERIFORMES,2010
Sanderling,38.6657506,-121.7174863,2010-05-19,obsr51532,4.0,CHARADRIIFORMES,2010
Lawrence's Goldfinch,38.6843038,-122.1155691,2010-05-19,obsr50093,4.0,PASSERIFORMES,2010
American Redstart,38.4803689,-121.5804148,2010-06-05,obsr86453,4.0,PASSERIFORMES,2010
Glossy Ibis,38.551789,-121.6208018,2010-07-25,obsr27015,5.0,PELECANIFORMES,2010
Brown Pelican,38.6094932,-121.768856,2010-08-13,obsr227410,4.0,PELECANIFORMES,2010
Pectoral Sandpiper,38.6657506,-121.7174863,2010-08-19,obsr131624,4.0,CHARADRIIFORMES,2010
Black-throated Blue Warbler,38.5133629,-122.095626,2010-09-07,obsr336721,5.0,PASSERIFORMES,2010
Baltimore Oriole,38.6022493,-121.5788269,2010-09-11,obsr182152,4.0,PASSERIFORMES,2010
Red-eyed Vireo,38.4795151,-121.5519791,2010-09-14,obsr293781,5.0,PASSERIFORMES,2010
Evening Grosbeak,38.5606499,-121.7164564,2010-09-18,obsr678154,4.0,PASSERIFORMES,2010
Chestnut-backed Chickadee,38.5713205,-121.7611313,2010-09-29,obsr131624,4.0,PASSERIFORMES,2010
Sharp-tailed Sandpiper,38.551789,-121.6208018,2010-10-06,obsr96733,4.0,CHARADRIIFORMES,2010
Sabine's Gull,38.6657506,-121.7174863,2010-10-07,obsr51532,4.0,CHARADRIIFORMES,2010
Horned Grebe,38.6657506,-121.7174863,2010-10-07,obsr51532,4.0,PODICIPEDIFORMES,2010
Pacific Golden-Plover,38.6657506,-121.7174863,2010-10-08,obsr120076,4.0,CHARADRIIFORMES,2010
Cassin's Kingbird,38.6205588,-121.9928312,2010-10-15,obsr131624,5.0,PASSERIFORMES,2010
Red-throated Pipit,38.551789,-121.6208018,2010-10-19,obsr51532,5.0,PASSERIFORMES,2010
Northern Saw-whet Owl,38.5713205,-121.7486858,2010-10-30,obsr34154,4.0,STRIGIFORMES,2010
Franklin's Gull,38.551789,-121.6208018,2010-10-31,obsr224810,4.0,CHARADRIIFORMES,2010
Lesser Black-backed Gull,38.5930928,-121.6697216,2010-11-09,obsr88799,4.0,CHARADRIIFORMES,2010
Tropical Kingbird,38.5713205,-121.7486858,2010-11-20,obsr34154,5.0,PASSERIFORMES,2010
Red-breasted Merganser,38.541721,-121.9916725,2010-11-22,obsr55174,4.0,ANSERIFORMES,2010
Tropical Kingbird,38.5713205,-121.7611313,2011-01-01,obsr86452,5.0,PASSERIFORMES,2011
Evening Grosbeak,38.5478046,-121.7801267,2011-01-03,obsr86404,4.0,PASSERIFORMES,2011
Sage Thrasher,38.3728067,-121.5336281,2011-01-04,obsr14968,4.0,PASSERIFORMES,2011
Chestnut-backed Chickadee,38.49745,-122.0349848,2011-01-16,obsr131624,4.0,PASSERIFORMES,2011
Slaty-backed Gull,38.5934618,-121.6840553,2011-02-05,obsr37920,5.0,CHARADRIIFORMES,2011
Mountain Plover,38.4173336,-121.6840156,2011-02-06,obsr507417,4.0,CHARADRIIFORMES,2011
Tufted Duck,38.5395223,-121.5380573,2011-03-11,obsr831437,5.0,ANSERIFORMES,2011
Pacific Golden-Plover,38.6806857,-121.6590786,2011-04-18,obsr131624,4.0,CHARADRIIFORMES,2011
Solitary Sandpiper,38.551789,-121.6208018,2011-04-23,obsr454716,4.0,CHARADRIIFORMES,2011
Snowy Plover,38.551789,-121.6208018,2011-04-25,obsr131624,4.0,CHARADRIIFORMES,2011
Sanderling,38.551789,-121.6208018,2011-04-26,obsr234084,4.0,CHARADRIIFORMES,2011
Red Knot,38.551789,-121.6208018,2011-04-26,obsr131624,4.0,CHARADRIIFORMES,2011
Calliope Hummingbird,38.5449104,-121.7400665,2011-05-01,obsr140829,4.0,CAPRIMULGIFORMES,2011
Lawrence's Goldfinch,38.4959689,-121.6941027,2011-05-03,obsr131624,4.0,PASSERIFORMES,2011
Bell's Vireo,38.551789,-121.6208018,2011-05-07,obsr88799,4.0,PASSERIFORMES,2011
Black Swift,38.5164914,-122.0607769,2011-05-17,obsr127892,4.0,CAPRIMULGIFORMES,2011
Grasshopper Sparrow,38.423302,-121.6568899,2011-05-20,obsr131624,4.0,PASSERIFORMES,2011
Brown Pelican,38.5719412,-121.5697074,2011-06-02,obsr86442,4.0,PELECANIFORMES,2011
Little Stint,38.5836668,-121.6371918,2011-07-15,obsr131624,5.0,CHARADRIIFORMES,2011
Ruff,38.5836668,-121.6371918,2011-08-20,obsr206500,4.0,CHARADRIIFORMES,2011
Common Ringed Plover,38.5836668,-121.6371918,2011-08-20,obsr153397,5.0,CHARADRIIFORMES,2011
Common Tern,38.5836668,-121.6371918,2011-08-21,obsr276807,4.0,CHARADRIIFORMES,2011
Arctic Tern,38.5930928,-121.6697216,2011-08-24,obsr51532,5.0,CHARADRIIFORMES,2011
Eastern Kingbird,38.551789,-121.6208018,2011-08-31,obsr182152,5.0,PASSERIFORMES,2011
Sabine's Gull,38.6657506,-121.7174863,2011-09-08,obsr51532,4.0,CHARADRIIFORMES,2011
Pectoral Sandpiper,38.6657506,-121.7174863,2011-09-08,obsr51532,4.0,CHARADRIIFORMES,2011
Steller's Jay,38.8904984,-122.3169923,2011-09-11,obsr226854,4.0,PASSERIFORMES,2011
Blackpoll Warbler,38.5271852,-121.8034887,2011-09-16,obsr131624,4.0,PASSERIFORMES,2011
Indigo Bunting,38.4795151,-121.5519791,2011-09-18,obsr14968,4.0,PASSERIFORMES,2011
Stilt Sandpiper,38.5930928,-121.6697216,2011-09-30,obsr51532,4.0,CHARADRIIFORMES,2011
Clay-colored Sparrow,38.5262483,-121.7925345,2011-10-01,obsr14968,4.0,PASSERIFORMES,2011
Tennessee Warbler,38.525432,-121.790527,2011-10-01,obsr196689,4.0,PASSERIFORMES,2011
Rose-breasted Grosbeak,38.49745,-122.0349848,2011-10-06,obsr131624,4.0,PASSERIFORMES,2011
Horned Grebe,38.5930928,-121.6697216,2011-10-17,obsr131624,4.0,PODICIPEDIFORMES,2011
Black-throated Sparrow,38.6863137,-122.0625687,2011-10-21,obsr51532,5.0,PASSERIFORMES,2011
American Golden-Plover,38.6543655,-121.7281455,2011-11-04,obsr51532,4.0,CHARADRIIFORMES,2011
Lapland Longspur,38.6197787,-121.7203617,2011-11-17,obsr131624,4.0,PASSERIFORMES,2011
Harris's Sparrow,38.5713205,-121.7486858,2011-12-04,obsr34154,4.0,PASSERIFORMES,2011
Lesser Black-backed Gull,38.5904429,-121.6820168,2011-12-10,obsr191278,4.0,CHARADRIIFORMES,2011
Lapland Longspur,38.6203576,-121.7271423,2012-01-01,obsr182152,4.0,PASSERIFORMES,2012
Harris's Sparrow,38.5639564,-121.7483118,2012-01-01,obsr182152,4.0,PASSERIFORMES,2012
Mountain Plover,38.7386605,-121.7419084,2012-01-09,obsr226854,4.0,CHARADRIIFORMES,2012
Brown Pelican,38.562462,-121.553936,2012-01-18,obsr86442,4.0,PELECANIFORMES,2012
Horned Grebe,38.6543655,-121.7281455,2012-01-29,obsr176000,4.0,PODICIPEDIFORMES,2012
Townsend's Solitaire,38.9063464,-122.3107481,2012-02-02,obsr276247,4.0,PASSERIFORMES,2012
Black-throated Sparrow,38.6872298,-122.061495,2012-02-10,obsr293781,5.0,PASSERIFORMES,2012
Common Redpoll,38.6804542,-121.7960273,2012-02-22,obsr51532,5.0,PASSERIFORMES,2012
Slaty-backed Gull,38.5930928,-121.6697216,2012-03-10,obsr293781,5.0,CHARADRIIFORMES,2012
American Golden-Plover,38.7138368,-121.7165491,2012-04-09,obsr31302,4.0,CHARADRIIFORMES,2012
Crested Caracara,38.5175251,-121.6911685,2012-04-16,obsr86453,5.0,FALCONIFORMES,2012
Ruff,38.551789,-121.6208018,2012-04-23,obsr131624,4.0,CHARADRIIFORMES,2012
Solitary Sandpiper,38.551789,-121.6208018,2012-04-23,obsr293781,4.0,CHARADRIIFORMES,2012
Black-chinned Sparrow,38.632511,-122.160779,2012-04-24,obsr14968,4.0,PASSERIFORMES,2012
Lawrence's Goldfinch,38.632511,-122.160779,2012-04-24,obsr14968,4.0,PASSERIFORMES,2012
Fork-tailed Storm-Petrel,38.5904429,-121.6820168,2012-04-28,obsr211939,5.0,PROCELLARIIFORMES,2012
Gray Flycatcher,38.4959689,-121.6941027,2012-05-07,obsr226854,4.0,PASSERIFORMES,2012
Grasshopper Sparrow,38.5392318,-121.8522515,2012-05-13,obsr131624,4.0,PASSERIFORMES,2012
Bell's Vireo,38.5271852,-121.8034887,2012-05-18,obsr219618,4.0,PASSERIFORMES,2012
Indigo Bunting,38.6010405,-121.5834327,2012-08-06,obsr86442,4.0,PASSERIFORMES,2012
Orchard Oriole,38.525432,-121.790527,2012-08-13,obsr678154,5.0,PASSERIFORMES,2012
Summer Tanager,38.5713205,-121.7611313,2012-08-15,obsr131624,4.0,PASSERIFORMES,2012
Yellow-billed Cuckoo,38.5271852,-121.8034887,2012-09-01,obsr131624,4.0,CUCULIFORMES,2012
Least Flycatcher,38.4959689,-121.6941027,2012-09-03,obsr131624,4.0,PASSERIFORMES,2012
Yellow-bellied Flycatcher,38.4959689,-121.6941027,2012-09-03,obsr131624,5.0,PASSERIFORMES,2012
Pectoral Sandpiper,38.551789,-121.6208018,2012-09-07,obsr131624,4.0,CHARADRIIFORMES,2012
Tennessee Warbler,38.525432,-121.790527,2012-09-16,obsr226854,4.0,PASSERIFORMES,2012
Bay-breasted Warbler,38.4795151,-121.5519791,2012-09-19,obsr127892,5.0,PASSERIFORMES,2012
Green-tailed Towhee,38.5713205,-121.7486858,2012-09-22,obsr34154,4.0,PASSERIFORMES,2012
Brewer's Sparrow,38.551789,-121.6208018,2012-09-23,obsr51532,4.0,PASSERIFORMES,2012
Sabine's Gull,38.6657506,-121.7174863,2012-10-12,obsr333766,4.0,CHARADRIIFORMES,2012
Evening Grosbeak,38.694487,-122.0218648,2012-10-28,obsr226854,4.0,PASSERIFORMES,2012
Franklin's Gull,38.551789,-121.6208018,2012-10-28,obsr131624,4.0,CHARADRIIFORMES,2012
Surf Scoter,38.6657506,-121.7174863,2012-10-30,obsr333766,4.0,ANSERIFORMES,2012
Cassin's Finch,38.5363669,-121.7485464,2012-11-07,obsr333766,4.0,PASSERIFORMES,2012
Rough-legged Hawk,38.743405,-121.7103978,2012-11-19,obsr86214,4.0,ACCIPITRIFORMES,2012
Winter Wren,38.4958888,-122.0325386,2012-11-20,obsr88799,5.0,PASSERIFORMES,2012
Lesser Black-backed Gull,38.5904429,-121.6820168,2012-12-08,obsr131624,4.0,CHARADRIIFORMES,2012
Long-tailed Duck,38.551789,-121.6208018,2012-12-14,obsr86442,5.0,ANSERIFORMES,2012
Chestnut-backed Chickadee,38.5309118,-121.7603159,2012-12-16,obsr293781,4.0,PASSERIFORMES,2012
Pacific Golden-Plover,38.6098271,-121.6927166,2012-12-23,obsr88799,4.0,CHARADRIIFORMES,2012
Brown Pelican,38.562462,-121.553936,2013-01-05,obsr293781,4.0,PELECANIFORMES,2013
Winter Wren,38.49745,-122.0349848,2013-01-06,obsr293781,5.0,PASSERIFORMES,2013
Sage Thrasher,38.527763,-121.80042,2013-01-07,obsr131186,4.0,PASSERIFORMES,2013
Harris's Sparrow,38.5639564,-121.7483118,2013-01-10,obsr226854,4.0,PASSERIFORMES,2013
Rough-legged Hawk,38.4689042,-121.6751611,2013-01-10,obsr226854,4.0,ACCIPITRIFORMES,2013
Red-naped Sapsucker,38.5168174,-122.0917395,2013-02-16,obsr86452,4.0,PICIFORMES,2013
Chestnut-backed Chickadee,38.527763,-121.80042,2013-02-17,obsr131186,4.0,PASSERIFORMES,2013
Lawrence's Goldfinch,38.702076,-122.114156,2013-03-02,obsr325009,4.0,PASSERIFORMES,2013
Steller's Jay,38.8904984,-122.3169923,2013-03-09,obsr96561,4.0,PASSERIFORMES,2013
Snowy Plover,38.6657506,-121.7174863,2013-03-14,obsr131624,4.0,CHARADRIIFORMES,2013
Grasshopper Sparrow,38.5398065,-122.0069213,2013-04-22,obsr34154,4.0,PASSERIFORMES,2013
Horned Grebe,38.541721,-121.9916725,2013-04-27,obsr131624,4.0,PODICIPEDIFORMES,2013
Gray Flycatcher,38.4959689,-121.6941027,2013-05-03,obsr333766,4.0,PASSERIFORMES,2013
Calliope Hummingbird,38.4795151,-121.5519791,2013-05-04,obsr131624,4.0,CAPRIMULGIFORMES,2013
Bell's Vireo,38.5133853,-121.6133738,2013-05-09,obsr163782,4.0,PASSERIFORMES,2013
Plumbeous Vireo,38.542961,-121.698539,2013-05-09,obsr333766,4.0,PASSERIFORMES,2013
Evening Grosbeak,38.5606499,-121.7164564,2013-05-22,obsr678154,4.0,PASSERIFORMES,2013
Gray Catbird,38.5271852,-121.8034887,2013-06-09,obsr196689,5.0,PASSERIFORMES,2013
American Golden-Plover,38.551789,-121.6208018,2013-07-21,obsr286759,4.0,CHARADRIIFORMES,2013
Solitary Sandpiper,38.551789,-121.6208018,2013-07-25,obsr107181,4.0,CHARADRIIFORMES,2013
Glossy Ibis,38.551789,-121.6208018,2013-07-29,obsr159137,5.0,PELECANIFORMES,2013
Green-tailed Towhee,38.6022493,-121.5788269,2013-08-07,obsr357469,4.0,PASSERIFORMES,2013
Pectoral Sandpiper,38.5930928,-121.6697216,2013-08-10,obsr152314,4.0,CHARADRIIFORMES,2013
Yellow-billed Cuckoo,38.5271852,-121.8034887,2013-08-16,obsr333766,4.0,CUCULIFORMES,2013
Baltimore Oriole,38.6022493,-121.5788269,2013-08-19,obsr131624,4.0,PASSERIFORMES,2013
Tennessee Warbler,38.525432,-121.790527,2013-08-24,obsr678154,4.0,PASSERIFORMES,2013
Chestnut-sided Warbler,38.5271852,-121.8034887,2013-09-01,obsr131624,4.0,PASSERIFORMES,2013
Blackpoll Warbler,38.5271852,-121.8034887,2013-09-02,obsr51532,4.0,PASSERIFORMES,2013
Orchard Oriole,38.5271852,-121.8034887,2013-09-06,obsr333766,5.0,PASSERIFORMES,2013
Northern Parula,38.6895296,-121.8726683,2013-09-12,obsr130910,4.0,PASSERIFORMES,2013
Franklin's Gull,38.6657506,-121.7174863,2013-09-30,obsr131624,4.0,CHARADRIIFORMES,2013
Black-and-white Warbler,38.5397066,-121.7009353,2013-09-30,obsr416299,4.0,PASSERIFORMES,2013
Costa's Hummingbird,38.700038,-122.0183514,2013-11-03,obsr226854,4.0,CAPRIMULGIFORMES,2013
Pacific Golden-Plover,38.6657506,-121.7174863,2013-11-12,obsr131624,4.0,CHARADRIIFORMES,2013
Black Scoter,38.551789,-121.6208018,2013-11-25,obsr88799,5.0,ANSERIFORMES,2013
Lesser Black-backed Gull,38.5904429,-121.6820168,2013-12-07,obsr131624,4.0,CHARADRIIFORMES,2013
Townsend's Solitaire,38.4795151,-121.5519791,2013-12-11,obsr86442,4.0,PASSERIFORMES,2013
Rough-legged Hawk,38.5991973,-121.7263269,2014-01-05,obsr86453,4.0,ACCIPITRIFORMES,2014
Lesser Black-backed Gull,38.5904429,-121.6820168,2014-01-07,obsr226854,4.0,CHARADRIIFORMES,2014
Swamp Sparrow,38.5261232,-121.7925239,2014-01-16,obsr270450,4.0,PASSERIFORMES,2014
Sage Thrasher,38.5483668,-121.6266346,2014-01-18,obsr113683,4.0,PASSERIFORMES,2014
Horned Grebe,38.49745,-122.0349848,2014-01-29,obsr211538,4.0,PODICIPEDIFORMES,2014
Harris's Sparrow,38.5640037,-121.7477685,2014-02-01,obsr34154,4.0,PASSERIFORMES,2014
Red-naped Sapsucker,38.6895296,-121.8726683,2014-02-23,obsr30058,4.0,PICIFORMES,2014
Black-throated Sparrow,38.7481312,-121.695385,2014-03-08,obsr189581,5.0,PASSERIFORMES,2014
Solitary Sandpiper,38.551789,-121.6208018,2014-03-25,obsr86442,4.0,CHARADRIIFORMES,2014
Lawrence's Goldfinch,38.6955923,-122.1182084,2014-03-28,obsr278024,4.0,PASSERIFORMES,2014
Grasshopper Sparrow,38.7741314,-122.1762836,2014-04-05,obsr226854,4.0,PASSERIFORMES,2014
Marsh Sandpiper,38.3263978,-121.6909647,2014-04-11,obsr18161,5.0,CHARADRIIFORMES,2014
Steller's Jay,38.9063464,-122.3107481,2014-04-12,obsr34154,4.0,PASSERIFORMES,2014
Snowy Plover,38.6657506,-121.7174863,2014-05-02,obsr221174,4.0,CHARADRIIFORMES,2014
Franklin's Gull,38.6657506,-121.7174863,2014-05-05,obsr509813,4.0,CHARADRIIFORMES,2014
Gray Flycatcher,38.5606499,-121.7164564,2014-05-13,obsr678154,4.0,PASSERIFORMES,2014
Black-and-white Warbler,38.6022493,-121.5788269,2014-05-24,obsr678154,4.0,PASSERIFORMES,2014
Indigo Bunting,38.6022493,-121.5788269,2014-05-25,obsr196689,4.0,PASSERIFORMES,2014
American Golden-Plover,38.6657506,-121.7174863,2014-06-24,obsr131624,4.0,CHARADRIIFORMES,2014
Glossy Ibis,38.5836668,-121.6371918,2014-06-27,obsr196689,5.0,PELECANIFORMES,2014
Sanderling,38.5930928,-121.6697216,2014-07-21,obsr293781,4.0,CHARADRIIFORMES,2014
Stilt Sandpiper,38.551789,-121.6208018,2014-07-23,obsr196689,4.0,CHARADRIIFORMES,2014
Allen's Hummingbird,38.5676798,-121.7640603,2014-07-28,obsr131624,4.0,CAPRIMULGIFORMES,2014
Ruddy Turnstone,38.551789,-121.6208018,2014-08-03,obsr298232,4.0,CHARADRIIFORMES,2014
Northern Waterthrush,38.5271852,-121.8034887,2014-09-01,obsr159137,4.0,PASSERIFORMES,2014
Blackpoll Warbler,38.5271852,-121.8034887,2014-09-07,obsr18161,4.0,PASSERIFORMES,2014
Tennessee Warbler,38.5271852,-121.8034887,2014-09-16,obsr51532,4.0,PASSERIFORMES,2014
Chestnut-backed Chickadee,38.5271852,-121.8034887,2014-09-16,obsr51532,4.0,PASSERIFORMES,2014
American Redstart,38.525432,-121.790527,2014-09-21,obsr107181,4.0,PASSERIFORMES,2014
Pectoral Sandpiper,38.541721,-121.9916725,2014-09-21,obsr196689,4.0,CHARADRIIFORMES,2014
Cassin's Finch,38.5606499,-121.7164564,2014-10-22,obsr678154,4.0,PASSERIFORMES,2014
Townsend's Solitaire,38.6987658,-121.9026607,2014-12-27,obsr176000,4.0,PASSERIFORMES,2014
Red-breasted Merganser,38.5416454,-121.578548,2014-12-31,obsr199985,4.0,ANSERIFORMES,2014
Black-and-white Warbler,38.4795151,-121.5519791,2015-01-01,obsr51532,4.0,PASSERIFORMES,2015
Steller's Jay,38.4934698,-122.0283759,2015-01-01,obsr164607,4.0,PASSERIFORMES,2015
Horned Grebe,38.562462,-121.553936,2015-01-02,obsr86442,4.0,PODICIPEDIFORMES,2015
Chestnut-backed Chickadee,38.5481701,-121.756623,2015-01-04,obsr270422,4.0,PASSERIFORMES,2015
Cassin's Finch,38.5681239,-121.7485571,2015-01-06,obsr131624,4.0,PASSERIFORMES,2015
Harris's Sparrow,38.5640037,-121.7477685,2015-01-07,obsr34154,4.0,PASSERIFORMES,2015
Rough-legged Hawk,38.5943339,-121.7146111,2015-01-08,obsr163782,4.0,ACCIPITRIFORMES,2015
Evening Grosbeak,38.6862509,-121.7684242,2015-01-16,obsr130910,4.0,PASSERIFORMES,2015
Swamp Sparrow,38.551789,-121.6208018,2015-01-23,obsr221161,4.0,PASSERIFORMES,2015
Mountain Plover,38.9212225,-121.8994904,2015-01-29,obsr61374,4.0,CHARADRIIFORMES,2015
Costa's Hummingbird,38.5309118,-121.7603159,2015-03-07,obsr290920,4.0,CAPRIMULGIFORMES,2015
Lawrence's Goldfinch,38.709269,-122.07085,2015-03-14,obsr171564,4.0,PASSERIFORMES,2015
Solitary Sandpiper,38.551789,-121.6208018,2015-04-08,obsr92733,4.0,CHARADRIIFORMES,2015
Gray Flycatcher,38.551789,-121.6208018,2015-04-16,obsr531324,4.0,PASSERIFORMES,2015
Calliope Hummingbird,38.5713205,-121.7611313,2015-04-21,obsr131624,4.0,CAPRIMULGIFORMES,2015
Grasshopper Sparrow,38.6180441,-122.0065749,2015-04-24,obsr34738,4.0,PASSERIFORMES,2015
Clay-colored Sparrow,38.551789,-121.6208018,2015-04-27,obsr221161,4.0,PASSERIFORMES,2015
Brewer's Sparrow,38.551789,-121.6208018,2015-05-01,obsr531324,4.0,PASSERIFORMES,2015
Brown Pelican,38.5395223,-121.5380573,2015-05-12,obsr123202,4.0,PELECANIFORMES,2015
Least Tern,38.551789,-121.6208018,2015-06-04,obsr60400,5.0,CHARADRIIFORMES,2015
Red-eyed Vireo,38.6828968,-121.8842554,2015-06-08,obsr130910,5.0,PASSERIFORMES,2015
Allen's Hummingbird,38.793369,-121.8347526,2015-06-21,obsr170034,4.0,CAPRIMULGIFORMES,2015
Northern Parula,38.6022493,-121.5788269,2015-06-29,obsr131624,4.0,PASSERIFORMES,2015
Ruff,38.5836668,-121.6371918,2015-06-29,obsr508577,4.0,CHARADRIIFORMES,2015
Snowy Plover,38.551789,-121.6208018,2015-07-14,obsr131624,4.0,CHARADRIIFORMES,2015
Pectoral Sandpiper,38.55268,-121.62105,2015-07-18,obsr96124,4.0,CHARADRIIFORMES,2015
Pacific Golden-Plover,38.551789,-121.6208018,2015-07-25,obsr153397,4.0,CHARADRIIFORMES,2015
Sanderling,38.6657506,-121.7174863,2015-08-07,obsr293781,4.0,CHARADRIIFORMES,2015
Indigo Bunting,38.551789,-121.6208018,2015-08-08,obsr531324,4.0,PASSERIFORMES,2015
Green-tailed Towhee,38.5271852,-121.8034887,2015-08-22,obsr153397,4.0,PASSERIFORMES,2015
Blackpoll Warbler,38.5271852,-121.8034887,2015-09-12,obsr153397,4.0,PASSERIFORMES,2015
Chimney Swift,38.4795151,-121.5519791,2015-09-13,obsr51532,5.0,CAPRIMULGIFORMES,2015
Black Turnstone,38.6657506,-121.7174863,2015-09-15,obsr51532,5.0,CHARADRIIFORMES,2015
Red Knot,38.6657506,-121.7174863,2015-09-18,obsr165010,4.0,CHARADRIIFORMES,2015
Glossy Ibis,38.551789,-121.6208018,2015-09-18,obsr51532,5.0,PELECANIFORMES,2015
Black-chinned Sparrow,38.4795151,-121.5519791,2015-09-30,obsr293781,4.0,PASSERIFORMES,2015
Common Tern,38.4377242,-121.5530777,2015-10-08,obsr14968,4.0,CHARADRIIFORMES,2015
Red-naped Sapsucker,38.51493,-122.0931244,2015-12-16,obsr247208,4.0,PICIFORMES,2015
Lesser Black-backed Gull,38.5934618,-121.6840553,2015-12-30,obsr131624,4.0,CHARADRIIFORMES,2015
Mountain Plover,38.6197787,-121.7203617,2016-01-02,obsr131624,4.0,CHARADRIIFORMES,2016
Pacific Golden-Plover,38.5483668,-121.6266346,2016-01-03,obsr220088,4.0,CHARADRIIFORMES,2016
Rough-legged Hawk,38.641499,-121.824237,2016-01-10,obsr98040,4.0,ACCIPITRIFORMES,2016
Steller's Jay,38.5160087,-122.0638856,2016-01-13,obsr86453,4.0,PASSERIFORMES,2016
Black-chinned Sparrow,38.4795151,-121.5519791,2016-01-14,obsr447908,4.0,PASSERIFORMES,2016
Evening Grosbeak,38.5713205,-121.7611313,2016-01-23,obsr131624,4.0,PASSERIFORMES,2016
Lawrence's Goldfinch,38.6955923,-122.1182084,2016-01-24,obsr131624,4.0,PASSERIFORMES,2016
Chestnut-backed Chickadee,38.5489849,-121.7510414,2016-01-25,obsr509813,4.0,PASSERIFORMES,2016
Horned Grebe,38.5836668,-121.6371918,2016-01-25,obsr164607,4.0,PODICIPEDIFORMES,2016
Swamp Sparrow,38.5751118,-121.645453,2016-02-07,obsr505114,4.0,PASSERIFORMES,2016
Lesser Black-backed Gull,38.5904429,-121.6820168,2016-03-04,obsr131624,4.0,CHARADRIIFORMES,2016
Glossy Ibis,38.5615209,-121.6095744,2016-04-03,obsr358418,5.0,PELECANIFORMES,2016
Solitary Sandpiper,38.5483668,-121.6266346,2016-04-04,obsr664993,4.0,CHARADRIIFORMES,2016
Gray Flycatcher,38.5606499,-121.7164564,2016-04-12,obsr678154,4.0,PASSERIFORMES,2016
Townsend's Solitaire,38.551789,-121.6208018,2016-04-16,obsr526055,4.0,PASSERIFORMES,2016
Marsh Sandpiper,38.5483668,-121.6266346,2016-04-16,obsr60422,5.0,CHARADRIIFORMES,2016
Ruff,38.5204031,-121.6156054,2016-04-19,obsr110657,4.0,CHARADRIIFORMES,2016
Snowy Plover,38.5409489,-121.6210127,2016-04-19,obsr110657,4.0,CHARADRIIFORMES,2016
Franklin's Gull,38.5930928,-121.6697216,2016-04-28,obsr509813,4.0,CHARADRIIFORMES,2016
Grasshopper Sparrow,38.551789,-121.6208018,2016-06-29,obsr230597,4.0,PASSERIFORMES,2016
Allen's Hummingbird,38.5713205,-121.7611313,2016-07-15,obsr131624,4.0,CAPRIMULGIFORMES,2016
Summer Tanager,38.525432,-121.790527,2016-08-05,obsr199985,4.0,PASSERIFORMES,2016
Least Flycatcher,38.3811618,-121.5423918,2016-08-28,obsr14968,4.0,PASSERIFORMES,2016
Pectoral Sandpiper,38.551789,-121.6208018,2016-08-31,obsr131624,4.0,CHARADRIIFORMES,2016
Long-tailed Jaeger,38.551789,-121.6208018,2016-09-02,obsr199985,5.0,CHARADRIIFORMES,2016
Ovenbird,38.6880222,-121.7736143,2016-09-18,obsr439041,5.0,PASSERIFORMES,2016
Plumbeous Vireo,38.5713205,-121.7611313,2016-09-22,obsr86452,4.0,PASSERIFORMES,2016
Blackpoll Warbler,38.4795151,-121.5519791,2016-09-23,obsr397554,4.0,PASSERIFORMES,2016
American Redstart,38.4795151,-121.5519791,2016-10-02,obsr293781,4.0,PASSERIFORMES,2016
Yellow-bellied Sapsucker,38.7141447,-122.1573611,2016-11-05,obsr131624,4.0,PICIFORMES,2016
Surf Scoter,38.915229,-122.3235154,2016-11-12,obsr617131,4.0,ANSERIFORMES,2016
Red Phalarope,38.551789,-121.6208018,2016-11-27,obsr213771,4.0,CHARADRIIFORMES,2016
Rough-legged Hawk,38.8756659,-122.02034,2017-01-01,obsr423153,4.0,ACCIPITRIFORMES,2017
Mountain Plover,38.5660632,-121.6933012,2017-01-02,obsr189581,4.0,CHARADRIIFORMES,2017
Trumpeter Swan,38.8347148,-121.7431068,2017-01-05,obsr131624,5.0,ANSERIFORMES,2017
Lawrence's Goldfinch,38.6895296,-121.8726683,2017-01-09,obsr416741,4.0,PASSERIFORMES,2017
Townsend's Solitaire,38.9085201,-122.3119873,2017-01-15,obsr91485,4.0,PASSERIFORMES,2017
Horned Grebe,38.562462,-121.553936,2017-01-21,obsr509813,4.0,PODICIPEDIFORMES,2017
Sage Thrasher,38.6427855,-121.8216634,2017-01-27,obsr834801,4.0,PASSERIFORMES,2017
Surf Scoter,38.541721,-121.9916725,2017-02-03,obsr617928,4.0,ANSERIFORMES,2017
Common Loon,38.5416454,-121.578548,2017-02-05,obsr166950,4.0,GAVIIFORMES,2017
Steller's Jay,38.8080118,-122.2295952,2017-02-11,obsr199985,4.0,PASSERIFORMES,2017
Snowy Plover,38.5416454,-121.578548,2017-03-22,obsr447908,4.0,CHARADRIIFORMES,2017
Grasshopper Sparrow,38.5361226,-121.5233669,2017-04-01,obsr1196684,4.0,PASSERIFORMES,2017
Sabine's Gull,38.6657506,-121.7174863,2017-04-07,obsr834801,4.0,CHARADRIIFORMES,2017
Gray Flycatcher,38.5713205,-121.7611313,2017-04-09,obsr834801,4.0,PASSERIFORMES,2017
Pectoral Sandpiper,38.5751454,-121.6603661,2017-04-27,obsr220088,4.0,CHARADRIIFORMES,2017
Solitary Sandpiper,38.5751454,-121.6603661,2017-04-28,obsr220088,4.0,CHARADRIIFORMES,2017
Stilt Sandpiper,38.5930928,-121.6697216,2017-05-07,obsr131624,4.0,CHARADRIIFORMES,2017
Red Knot,38.5930928,-121.6697216,2017-05-10,obsr637946,4.0,CHARADRIIFORMES,2017
Baltimore Oriole,38.5035727,-121.9882446,2017-05-26,obsr14968,4.0,PASSERIFORMES,2017
Northern Parula,38.5271852,-121.8034887,2017-05-28,obsr505871,4.0,PASSERIFORMES,2017
Orchard Oriole,38.525432,-121.790527,2017-05-31,obsr1619,5.0,PASSERIFORMES,2017
Black Skimmer,38.551789,-121.6208018,2017-07-04,obsr86452,5.0,CHARADRIIFORMES,2017
Summer Tanager,38.6828968,-121.8842554,2017-08-05,obsr131624,4.0,PASSERIFORMES,2017
Gray Catbird,38.6828968,-121.8842554,2017-08-13,obsr416741,5.0,PASSERIFORMES,2017
Hooded Warbler,38.5713205,-121.7611313,2017-08-16,obsr417931,5.0,PASSERIFORMES,2017
Brewer's Sparrow,38.5670752,-121.7607294,2017-09-01,obsr548564,4.0,PASSERIFORMES,2017
Green-tailed Towhee,38.4795151,-121.5519791,2017-09-01,obsr199985,4.0,PASSERIFORMES,2017
Tennessee Warbler,38.6828968,-121.8842554,2017-09-06,obsr130910,4.0,PASSERIFORMES,2017
Clay-colored Sparrow,38.551789,-121.6208018,2017-09-09,obsr531324,4.0,PASSERIFORMES,2017
Lark Bunting,38.7618974,-121.6576195,2017-09-12,obsr199985,4.0,PASSERIFORMES,2017
Blackpoll Warbler,38.7485278,-121.6298251,2017-09-14,obsr509813,4.0,PASSERIFORMES,2017
Chestnut-sided Warbler,38.5271852,-121.8034887,2017-09-15,obsr509813,4.0,PASSERIFORMES,2017
Indigo Bunting,38.525432,-121.790527,2017-09-15,obsr678154,4.0,PASSERIFORMES,2017
Chestnut-backed Chickadee,38.5271852,-121.8034887,2017-10-01,obsr152314,4.0,PASSERIFORMES,2017
Cassin's Finch,38.5606499,-121.7164564,2017-10-01,obsr678154,4.0,PASSERIFORMES,2017
Evening Grosbeak,38.5670752,-121.7607294,2017-10-12,obsr548564,4.0,PASSERIFORMES,2017
Sagebrush Sparrow,38.618775,-121.7009125,2017-10-20,obsr247208,5.0,PASSERIFORMES,2017
Pacific Golden-Plover,38.551789,-121.6208018,2017-11-03,obsr60422,4.0,CHARADRIIFORMES,2017
Red-naped Sapsucker,38.4795151,-121.5519791,2017-11-19,obsr199985,4.0,PICIFORMES,2017
Franklin's Gull,38.6657506,-121.7174863,2017-11-20,obsr55174,4.0,CHARADRIIFORMES,2017
Palm Warbler,38.6657506,-121.7174863,2017-11-24,obsr660372,5.0,PASSERIFORMES,2017
Swamp Sparrow,38.551789,-121.6208018,2017-11-25,obsr131624,4.0,PASSERIFORMES,2017
Yellow-bellied Sapsucker,38.5189593,-121.6950417,2017-12-14,obsr194866,4.0,PICIFORMES,2017
Citrine Wagtail,38.551789,-121.6208018,2017-12-15,obsr306602,5.0,PASSERIFORMES,2017
Lesser Black-backed Gull,38.5904429,-121.6820168,2017-12-17,obsr285270,4.0,CHARADRIIFORMES,2017
Swamp Sparrow,38.551789,-121.6208018,2018-01-02,obsr16674,4.0,PASSERIFORMES,2018
Northern Waterthrush,38.5133629,-122.095626,2018-01-04,obsr509813,4.0,PASSERIFORMES,2018
Curve-billed Thrasher,38.6636272,-121.7365636,2018-01-08,obsr951664,5.0,PASSERIFORMES,2018
Palm Warbler,38.6657506,-121.7174863,2018-01-09,obsr336394,5.0,PASSERIFORMES,2018
Chestnut-backed Chickadee,38.8080118,-122.2295952,2018-01-10,obsr1175781,4.0,PASSERIFORMES,2018
Rough-legged Hawk,38.7663178,-121.9885225,2018-01-13,obsr199985,4.0,ACCIPITRIFORMES,2018
Lawrence's Goldfinch,38.6955923,-122.1182084,2018-01-13,obsr131624,4.0,PASSERIFORMES,2018
Horned Grebe,38.5930928,-121.6697216,2018-01-14,obsr220088,4.0,PODICIPEDIFORMES,2018
Steller's Jay,38.8904984,-122.3169923,2018-01-22,obsr946849,4.0,PASSERIFORMES,2018
Sage Thrasher,38.5606499,-121.7164564,2018-02-08,obsr336394,4.0,PASSERIFORMES,2018
Pacific Golden-Plover,38.551789,-121.6208018,2018-02-10,obsr131624,4.0,CHARADRIIFORMES,2018
Stilt Sandpiper,38.551789,-121.6208018,2018-02-12,obsr220088,4.0,CHARADRIIFORMES,2018
Ruff,38.5483668,-121.6266346,2018-02-17,obsr86424,4.0,CHARADRIIFORMES,2018
Red-naped Sapsucker,38.49745,-122.0349848,2018-02-21,obsr509813,4.0,PICIFORMES,2018
Harris's Sparrow,38.5164914,-122.0607769,2018-04-03,obsr946849,4.0,PASSERIFORMES,2018
Marsh Sandpiper,38.551789,-121.6208018,2018-04-07,obsr1046742,5.0,CHARADRIIFORMES,2018
Grasshopper Sparrow,38.458526,-121.675276,2018-04-08,obsr199985,4.0,PASSERIFORMES,2018
Calliope Hummingbird,38.5309118,-121.7603159,2018-04-13,obsr672779,4.0,CAPRIMULGIFORMES,2018
Plumbeous Vireo,38.5489849,-121.7510414,2018-04-18,obsr509813,4.0,PASSERIFORMES,2018
Snowy Plover,38.5930928,-121.6697216,2018-04-24,obsr509813,4.0,CHARADRIIFORMES,2018
Solitary Sandpiper,38.5483668,-121.6266346,2018-04-25,obsr236063,4.0,CHARADRIIFORMES,2018
Rose-breasted Grosbeak,38.5271852,-121.8034887,2018-04-26,obsr672779,4.0,PASSERIFORMES,2018
Gray Flycatcher,38.4959689,-121.6941027,2018-05-07,obsr672779,4.0,PASSERIFORMES,2018
Hooded Warbler,38.6828968,-121.8842554,2018-05-21,obsr199985,5.0,PASSERIFORMES,2018
Glossy Ibis,38.6657506,-121.7174863,2018-05-24,obsr247208,5.0,PELECANIFORMES,2018
Gray Catbird,38.5313112,-121.8348147,2018-06-19,obsr14968,5.0,PASSERIFORMES,2018
Franklin's Gull,38.6657506,-121.7174863,2018-06-26,obsr509813,4.0,CHARADRIIFORMES,2018
Indigo Bunting,38.527763,-121.80042,2018-07-26,obsr131186,4.0,PASSERIFORMES,2018
Chestnut-sided Warbler,38.525432,-121.790527,2018-07-31,obsr102568,4.0,PASSERIFORMES,2018
Pectoral Sandpiper,38.551789,-121.6208018,2018-08-16,obsr131624,4.0,CHARADRIIFORMES,2018
Chimney Swift,38.5271852,-121.8034887,2018-08-19,obsr131624,5.0,CAPRIMULGIFORMES,2018
Yellow-billed Cuckoo,38.7618974,-121.6576195,2018-08-20,obsr946849,4.0,CUCULIFORMES,2018
Summer Tanager,38.5271852,-121.8034887,2018-08-23,obsr946849,4.0,PASSERIFORMES,2018
Green-tailed Towhee,38.4959689,-121.6941027,2018-08-25,obsr131624,4.0,PASSERIFORMES,2018
Brewer's Sparrow,38.551789,-121.6208018,2018-09-03,obsr134854,4.0,PASSERIFORMES,2018
Eastern Kingbird,38.5271852,-121.8034887,2018-09-03,obsr672779,5.0,PASSERIFORMES,2018
Townsend's Solitaire,38.551789,-121.6208018,2018-09-09,obsr102568,4.0,PASSERIFORMES,2018
American Redstart,38.5361226,-121.5233669,2018-09-13,obsr672779,4.0,PASSERIFORMES,2018
Tennessee Warbler,38.525432,-121.790527,2018-09-21,obsr946849,4.0,PASSERIFORMES,2018
Blackpoll Warbler,38.525432,-121.790527,2018-09-21,obsr946849,4.0,PASSERIFORMES,2018
Lapland Longspur,38.551789,-121.6208018,2018-10-14,obsr38567,4.0,PASSERIFORMES,2018
Costa's Hummingbird,38.5362617,-121.7259407,2018-10-16,obsr38567,4.0,CAPRIMULGIFORMES,2018
American Golden-Plover,38.551789,-121.6208018,2018-10-20,obsr893864,4.0,CHARADRIIFORMES,2018
Vermilion Flycatcher,38.5930928,-121.6697216,2018-10-20,obsr164607,5.0,PASSERIFORMES,2018
Least Flycatcher,38.6828968,-121.8842554,2018-10-21,obsr130910,4.0,PASSERIFORMES,2018
Northern Shrike,38.6477462,-121.6889048,2018-11-15,obsr475648,4.0,PASSERIFORMES,2018
Lesser Black-backed Gull,38.5904429,-121.6820168,2018-12-26,obsr199985,4.0,CHARADRIIFORMES,2018
Mountain Plover,38.9114333,-121.8411226,2018-12-30,obsr340052,4.0,CHARADRIIFORMES,2018
Mountain Plover,38.915808,-121.843472,2019-01-01,obsr140322,4.0,CHARADRIIFORMES,2019
Lesser Black-backed Gull,38.5904429,-121.6820168,2019-01-01,obsr318705,4.0,CHARADRIIFORMES,2019
Northern Shrike,38.6657506,-121.7174863,2019-01-02,obsr946849,4.0,PASSERIFORMES,2019
Grasshopper Sparrow,38.5078612,-122.0180976,2019-01-02,obsr551844,4.0,PASSERIFORMES,2019
Rough-legged Hawk,38.7621938,-121.9484492,2019-01-04,obsr551844,4.0,ACCIPITRIFORMES,2019
Horned Grebe,38.6657506,-121.7174863,2019-01-08,obsr195829,4.0,PODICIPEDIFORMES,2019
Steller's Jay,38.9063464,-122.3107481,2019-01-12,obsr352879,4.0,PASSERIFORMES,2019
Trumpeter Swan,38.618775,-121.7009125,2019-01-12,obsr33163,5.0,ANSERIFORMES,2019
Plumbeous Vireo,38.6654074,-121.7334509,2019-01-17,obsr592660,4.0,PASSERIFORMES,2019
Tennessee Warbler,38.5713205,-121.7611313,2019-01-25,obsr131624,4.0,PASSERIFORMES,2019
Costa's Hummingbird,38.5397066,-121.7009353,2019-02-07,obsr416299,4.0,CAPRIMULGIFORMES,2019
Palm Warbler,38.563864,-121.730754,2019-02-12,obsr672779,5.0,PASSERIFORMES,2019
Garganey,38.5416454,-121.578548,2019-02-23,obsr592125,5.0,ANSERIFORMES,2019
Red-throated Loon,38.5503757,-121.579683,2019-02-27,obsr199985,5.0,GAVIIFORMES,2019
Harris's Sparrow,38.670644,-121.7574781,2019-03-09,obsr189581,4.0,PASSERIFORMES,2019
Common Loon,38.4945782,-122.0090103,2019-03-14,obsr672779,4.0,GAVIIFORMES,2019
Franklin's Gull,38.5416454,-121.578548,2019-03-16,obsr88222,4.0,CHARADRIIFORMES,2019
Lawrence's Goldfinch,38.5271852,-121.8034887,2019-03-26,obsr946849,4.0,PASSERIFORMES,2019
Ruff,38.5574676,-121.6360517,2019-04-21,obsr235779,4.0,CHARADRIIFORMES,2019
Solitary Sandpiper,38.5658567,-121.6385221,2019-04-21,obsr235779,4.0,CHARADRIIFORMES,2019
Gray Flycatcher,38.525432,-121.790527,2019-04-25,obsr182152,4.0,PASSERIFORMES,2019
Calliope Hummingbird,38.3776439,-121.6026565,2019-04-28,obsr1846910,4.0,CAPRIMULGIFORMES,2019
Ruddy Turnstone,38.5930928,-121.6697216,2019-05-04,obsr247208,4.0,CHARADRIIFORMES,2019
Black Turnstone,38.5930928,-121.6697216,2019-05-04,obsr2834030,5.0,CHARADRIIFORMES,2019
Snowy Plover,38.5930928,-121.6697216,2019-05-05,obsr865872,4.0,CHARADRIIFORMES,2019
Stilt Sandpiper,38.5930928,-121.6697216,2019-05-06,obsr131624,4.0,CHARADRIIFORMES,2019
Summer Tanager,38.5575458,-121.7829752,2019-05-08,obsr107990,4.0,PASSERIFORMES,2019
Northern Parula,38.4959689,-121.6941027,2019-05-17,obsr678154,4.0,PASSERIFORMES,2019
Glossy Ibis,38.6657506,-121.7174863,2019-05-19,obsr865872,5.0,PELECANIFORMES,2019
Green-tailed Towhee,38.4959689,-121.6941027,2019-05-28,obsr672779,4.0,PASSERIFORMES,2019
Red Knot,38.6614037,-121.7171761,2019-07-21,obsr182152,4.0,CHARADRIIFORMES,2019
Black-and-white Warbler,38.6022493,-121.5788269,2019-08-10,obsr678154,4.0,PASSERIFORMES,2019
Sanderling,38.541721,-121.9916725,2019-09-09,obsr946849,4.0,CHARADRIIFORMES,2019
Pectoral Sandpiper,38.551789,-121.6208018,2019-09-11,obsr318705,4.0,CHARADRIIFORMES,2019
Evening Grosbeak,38.5439598,-121.7097745,2019-09-22,obsr38567,4.0,PASSERIFORMES,2019
Chestnut-backed Chickadee,38.514269,-122.073003,2019-10-01,obsr669842,4.0,PASSERIFORMES,2019
Northern Saw-whet Owl,38.5606499,-121.7164564,2019-10-17,obsr1309550,4.0,STRIGIFORMES,2019
Swamp Sparrow,38.551789,-121.6208018,2019-11-03,obsr1141619,4.0,PASSERIFORMES,2019
Lapland Longspur,38.5383192,-121.6948912,2019-11-10,obsr224810,4.0,PASSERIFORMES,2019
Pygmy Nuthatch,38.5857823,-121.5275647,2019-11-23,obsr293781,5.0,PASSERIFORMES,2019
Swamp Sparrow,38.551789,-121.6208018,2020-01-01,obsr357866,4.0,PASSERIFORMES,2020
Costa's Hummingbird,38.5397066,-121.7009353,2020-01-01,obsr416299,4.0,CAPRIMULGIFORMES,2020
Lesser Black-backed Gull,38.618775,-121.7009125,2020-01-01,obsr357866,4.0,CHARADRIIFORMES,2020
Garganey,38.5416454,-121.578548,2020-01-03,obsr318705,5.0,ANSERIFORMES,2020
Rough-legged Hawk,38.824607,-122.066613,2020-01-04,obsr520215,4.0,ACCIPITRIFORMES,2020
Plumbeous Vireo,38.518279,-121.989344,2020-01-06,obsr865872,4.0,PASSERIFORMES,2020
Horned Grebe,38.562462,-121.553936,2020-01-11,obsr113052,4.0,PODICIPEDIFORMES,2020
Steller's Jay,38.8904984,-122.3169923,2020-01-19,obsr318705,4.0,PASSERIFORMES,2020
Red-naped Sapsucker,38.538515,-121.868514,2020-01-24,obsr336394,4.0,PICIFORMES,2020
Evening Grosbeak,38.8227785,-122.1908782,2020-01-31,obsr946849,4.0,PASSERIFORMES,2020
Slaty-backed Gull,38.6112691,-121.692545,2020-01-31,obsr336226,5.0,CHARADRIIFORMES,2020
Lark Bunting,38.759235,-122.026137,2020-02-01,obsr1141619,4.0,PASSERIFORMES,2020
Lawrence's Goldfinch,38.757024,-122.025835,2020-02-03,obsr447908,4.0,PASSERIFORMES,2020
Harris's Sparrow,38.671335,-121.757995,2020-02-14,obsr1141619,4.0,PASSERIFORMES,2020
Ruff,38.551789,-121.6208018,2020-02-27,obsr311906,4.0,CHARADRIIFORMES,2020
Least Flycatcher,38.5713205,-121.7611313,2020-03-05,obsr131624,4.0,PASSERIFORMES,2020
Pacific Golden-Plover,38.562946,-121.638051,2020-03-13,obsr131300,4.0,CHARADRIIFORMES,2020
Calliope Hummingbird,38.541803,-121.703236,2020-04-03,obsr421460,4.0,CAPRIMULGIFORMES,2020
Gray Flycatcher,38.526997,-121.803209,2020-04-05,obsr969976,4.0,PASSERIFORMES,2020
Chestnut-backed Chickadee,38.5350066,-121.7525844,2020-04-06,obsr14968,4.0,PASSERIFORMES,2020
Grasshopper Sparrow,38.453868,-121.675222,2020-04-06,obsr1141619,4.0,PASSERIFORMES,2020
Solitary Sandpiper,38.551789,-121.6208018,2020-04-08,obsr1309550,4.0,CHARADRIIFORMES,2020
Stilt Sandpiper,38.6657506,-121.7174863,2020-04-14,obsr1309550,4.0,CHARADRIIFORMES,2020
Common Loon,38.5435045,-121.7052751,2020-04-14,obsr38567,4.0,GAVIIFORMES,2020
Sanderling,38.5602918,-121.628198,2020-04-22,obsr1439796,4.0,CHARADRIIFORMES,2020
Red-breasted Merganser,38.6657506,-121.7174863,2020-04-26,obsr199985,4.0,ANSERIFORMES,2020
Brewer's Sparrow,38.4795151,-121.5519791,2020-04-30,obsr189581,4.0,PASSERIFORMES,2020
Tennessee Warbler,38.551789,-121.6208018,2020-05-09,obsr352414,4.0,PASSERIFORMES,2020
Red Phalarope,38.5836668,-121.6371918,2020-05-18,obsr318705,4.0,CHARADRIIFORMES,2020
Indigo Bunting,38.551789,-121.6208018,2020-06-10,obsr531324,4.0,PASSERIFORMES,2020
Allen's Hummingbird,38.5204199,-121.9676399,2020-06-19,obsr946849,4.0,CAPRIMULGIFORMES,2020
Snowy Plover,38.6657506,-121.7174863,2020-07-09,obsr690451,4.0,CHARADRIIFORMES,2020
Green-tailed Towhee,38.5393349,-121.6991626,2020-08-26,obsr140322,4.0,PASSERIFORMES,2020
Pectoral Sandpiper,38.551789,-121.6208018,2020-09-04,obsr956557,4.0,CHARADRIIFORMES,2020
Black-and-white Warbler,38.4795151,-121.5519791,2020-09-04,obsr496984,4.0,PASSERIFORMES,2020
Northern Waterthrush,38.5313112,-121.8348147,2020-09-09,obsr14968,4.0,PASSERIFORMES,2020
Common Tern,38.6657506,-121.7174863,2020-09-12,obsr592732,4.0,CHARADRIIFORMES,2020
Northern Parula,38.5271852,-121.8034887,2020-09-25,obsr865872,4.0,PASSERIFORMES,2020
Gray Catbird,38.5164914,-122.0607769,2020-09-27,obsr131624,5.0,PASSERIFORMES,2020
Surf Scoter,38.6614037,-121.7171761,2020-10-18,obsr690451,4.0,ANSERIFORMES,2020
Vermilion Flycatcher,38.6657506,-121.7174863,2020-10-31,obsr153397,5.0,PASSERIFORMES,2020
Mountain Plover,38.915808,-121.843472,2020-11-01,obsr131624,4.0,CHARADRIIFORMES,2020
American Golden-Plover,38.6657506,-121.7174863,2020-11-28,obsr88799,4.0,CHARADRIIFORMES,2020
Black-throated Sparrow,38.49745,-122.0349848,2020-11-30,obsr678154,5.0,PASSERIFORMES,2020
Cassin's Finch,38.5601377,-121.727801,2020-12-03,obsr336226,4.0,PASSERIFORMES,2020
Sage Thrasher,38.4031583,-121.6144674,2020-12-22,obsr1846910,4.0,PASSERIFORMES,2020
Mountain Plover,38.915808,-121.843472,2021-01-01,obsr60422,4.0,CHARADRIIFORMES,2021
Rough-legged Hawk,38.809834,-121.939813,2021-01-04,obsr1016051,4.0,ACCIPITRIFORMES,2021
Steller's Jay,38.5148499,-122.0782516,2021-01-09,obsr318705,4.0,PASSERIFORMES,2021
Lesser Black-backed Gull,38.5904429,-121.6820168,2021-01-22,obsr318705,4.0,CHARADRIIFORMES,2021
Cassin's Finch,38.8904984,-122.3169923,2021-01-23,obsr1141619,4.0,PASSERIFORMES,2021
Eastern Phoebe,38.6828968,-121.8842554,2021-01-24,obsr130910,4.0,PASSERIFORMES,2021
Red-necked Grebe,38.562462,-121.553936,2021-01-27,obsr113052,4.0,PODICIPEDIFORMES,2021
Sage Thrasher,38.5416454,-121.578548,2021-02-06,obsr2019558,4.0,PASSERIFORMES,2021
Red-naped Sapsucker,38.5271852,-121.8034887,2021-02-14,obsr865872,4.0,PICIFORMES,2021
Swamp Sparrow,38.6895296,-121.8726683,2021-02-15,obsr227411,4.0,PASSERIFORMES,2021
Pacific Golden-Plover,38.551789,-121.6208018,2021-02-16,obsr153397,4.0,CHARADRIIFORMES,2021
Harris's Sparrow,38.527763,-121.80042,2021-02-22,obsr131186,4.0,PASSERIFORMES,2021
Horned Grebe,38.6657506,-121.7174863,2021-02-22,obsr318705,4.0,PODICIPEDIFORMES,2021
Green-tailed Towhee,38.5529504,-121.7564698,2021-03-02,obsr34154,4.0,PASSERIFORMES,2021
Allen's Hummingbird,38.3776439,-121.6026565,2021-03-20,obsr1846910,4.0,CAPRIMULGIFORMES,2021
Lawrence's Goldfinch,38.5209068,-122.0323563,2021-03-20,obsr271107,4.0,PASSERIFORMES,2021
Solitary Sandpiper,38.551789,-121.6208018,2021-04-04,obsr153397,4.0,CHARADRIIFORMES,2021
Pectoral Sandpiper,38.5943842,-121.7126584,2021-04-19,obsr336226,4.0,CHARADRIIFORMES,2021
Gray Flycatcher,38.6886039,-121.8659091,2021-05-01,obsr130910,4.0,PASSERIFORMES,2021
Black-throated Sparrow,38.573358,-121.750389,2021-05-03,obsr1049525,5.0,PASSERIFORMES,2021
Sanderling,38.6657506,-121.7174863,2021-05-11,obsr592732,4.0,CHARADRIIFORMES,2021
Black Swift,38.5416454,-121.578548,2021-05-20,obsr496984,4.0,CAPRIMULGIFORMES,2021
Snowy Plover,38.551789,-121.6208018,2021-06-07,obsr318705,4.0,CHARADRIIFORMES,2021
Grasshopper Sparrow,38.4594026,-121.6607094,2021-06-15,obsr14968,4.0,PASSERIFORMES,2021
Franklin's Gull,38.6657506,-121.7174863,2021-08-07,obsr865872,4.0,CHARADRIIFORMES,2021
Red Phalarope,38.551789,-121.6208018,2021-08-08,obsr199985,4.0,CHARADRIIFORMES,2021
Ruddy Turnstone,38.41698,-121.630368,2021-08-31,obsr1309550,4.0,CHARADRIIFORMES,2021
Chestnut-sided Warbler,38.5271852,-121.8034887,2021-09-05,obsr276807,4.0,PASSERIFORMES,2021
Blackpoll Warbler,38.52341,-121.784443,2021-09-12,obsr969976,4.0,PASSERIFORMES,2021
Stilt Sandpiper,38.41698,-121.630368,2021-09-14,obsr1309550,4.0,CHARADRIIFORMES,2021
Tennessee Warbler,38.6615862,-121.6128512,2021-09-18,obsr318705,4.0,PASSERIFORMES,2021
Cassin's Kingbird,38.6123101,-121.7113495,2021-10-01,obsr865872,5.0,PASSERIFORMES,2021
Magnolia Warbler,38.8227785,-122.1908782,2021-10-06,obsr1175781,5.0,PASSERIFORMES,2021
Northern Waterthrush,38.5133629,-122.095626,2021-10-21,obsr865872,4.0,PASSERIFORMES,2021
Red-breasted Merganser,38.6614037,-121.7171761,2021-10-31,obsr286759,4.0,ANSERIFORMES,2021
Lapland Longspur,38.551789,-121.6208018,2021-11-05,obsr533479,4.0,PASSERIFORMES,2021
Swamp Sparrow,38.6828968,-121.8842554,2022-01-01,obsr678154,4.0,PASSERIFORMES,2022
Mountain Plover,38.915808,-121.843472,2022-01-02,obsr592732,4.0,CHARADRIIFORMES,2022
Rough-legged Hawk,38.618775,-121.7009125,2022-01-05,obsr2716043,4.0,ACCIPITRIFORMES,2022
Steller's Jay,38.5147209,-122.0852814,2022-01-05,obsr232808,4.0,PASSERIFORMES,2022
Horned Grebe,38.562462,-121.553936,2022-01-09,obsr420881,4.0,PODICIPEDIFORMES,2022
Grasshopper Sparrow,38.551789,-121.6208018,2022-01-11,obsr2083500,4.0,PASSERIFORMES,2022
Stilt Sandpiper,38.5483668,-121.6266346,2022-02-19,obsr31790,4.0,CHARADRIIFORMES,2022
Lawrence's Goldfinch,38.5713205,-121.7486858,2022-02-20,obsr865872,4.0,PASSERIFORMES,2022
Lesser Black-backed Gull,38.5934618,-121.6840553,2022-02-24,obsr533479,4.0,CHARADRIIFORMES,2022
Yellow-bellied Sapsucker,38.5427589,-121.7058716,2022-03-20,obsr1141619,4.0,PICIFORMES,2022
Allen's Hummingbird,38.3776439,-121.6026565,2022-03-22,obsr1846910,4.0,CAPRIMULGIFORMES,2022
Solitary Sandpiper,38.5483668,-121.6266346,2022-04-14,obsr34154,4.0,CHARADRIIFORMES,2022
Ruff,38.551789,-121.6208018,2022-04-17,obsr280451,4.0,CHARADRIIFORMES,2022
Gray Flycatcher,38.5189593,-121.6950417,2022-04-17,obsr194866,4.0,PASSERIFORMES,2022
Calliope Hummingbird,38.5149956,-121.9760762,2022-04-20,obsr14968,4.0,CAPRIMULGIFORMES,2022
Brewer's Sparrow,38.5175251,-121.6911685,2022-04-27,obsr426761,4.0,PASSERIFORMES,2022
Chestnut-sided Warbler,38.5175251,-121.6911685,2022-05-25,obsr678154,4.0,PASSERIFORMES,2022
Snowy Plover,38.6657506,-121.7174863,2022-06-25,obsr788582,4.0,CHARADRIIFORMES,2022
Franklin's Gull,38.551789,-121.6208018,2022-07-19,obsr1625278,4.0,CHARADRIIFORMES,2022
Ruddy Turnstone,38.6614037,-121.7171761,2022-08-04,obsr678154,4.0,CHARADRIIFORMES,2022
Northern Waterthrush,38.4795151,-121.5519791,2022-08-27,obsr164607,4.0,PASSERIFORMES,2022
Pectoral Sandpiper,38.551789,-121.6208018,2022-08-29,obsr420881,4.0,CHARADRIIFORMES,2022
Blackpoll Warbler,38.5408556,-121.577832,2022-08-30,obsr2507478,4.0,PASSERIFORMES,2022
Tennessee Warbler,38.525432,-121.790527,2022-08-30,obsr678154,4.0,PASSERIFORMES,2022
Green-tailed Towhee,38.4959689,-121.6941027,2022-09-13,obsr794894,4.0,PASSERIFORMES,2022
American Redstart,38.4795151,-121.5519791,2022-09-16,obsr496984,4.0,PASSERIFORMES,2022
Palm Warbler,38.551789,-121.6208018,2022-09-27,obsr318705,5.0,PASSERIFORMES,2022
Surf Scoter,38.6657506,-121.7174863,2022-10-06,obsr2195203,4.0,ANSERIFORMES,2022
Townsend's Solitaire,38.525432,-121.790527,2022-10-10,obsr427592,4.0,PASSERIFORMES,2022
Long-tailed Duck,38.6657506,-121.7174863,2022-10-16,obsr38567,5.0,ANSERIFORMES,2022
Winter Wren,38.4934698,-122.0283759,2022-11-16,obsr2047535,5.0,PASSERIFORMES,2022
Summer Tanager,38.5606499,-121.7164564,2022-12-06,obsr678154,4.0,PASSERIFORMES,2022
Tropical Kingbird,38.6112691,-121.692545,2022-12-16,obsr496984,5.0,PASSERIFORMES,2022
Mountain Plover,38.915808,-121.843472,2023-01-01,obsr794894,4.0,CHARADRIIFORMES,2023
Winter Wren,38.514269,-122.073003,2023-01-02,obsr199985,5.0,PASSERIFORMES,2023
Steller's Jay,38.514269,-122.073003,2023-01-02,obsr199985,4.0,PASSERIFORMES,2023
Summer Tanager,38.5606499,-121.7164564,2023-01-06,obsr678154,4.0,PASSERIFORMES,2023
Trumpeter Swan,38.6160201,-121.6984272,2023-01-06,obsr189581,5.0,ANSERIFORMES,2023
Yellow-bellied Sapsucker,38.6615862,-121.6128512,2023-01-07,obsr199985,4.0,PICIFORMES,2023
Horned Grebe,38.6657506,-121.7174863,2023-01-08,obsr1309550,4.0,PODICIPEDIFORMES,2023
Common Loon,38.602766,-121.5557197,2023-01-14,obsr1141619,4.0,GAVIIFORMES,2023
Townsend's Solitaire,38.656437,-121.79013,2023-01-14,obsr247208,4.0,PASSERIFORMES,2023
Evening Grosbeak,38.6863305,-121.7704761,2023-01-15,obsr130910,4.0,PASSERIFORMES,2023
Lawrence's Goldfinch,38.5724,-121.7474,2023-01-25,obsr355294,4.0,PASSERIFORMES,2023
Rough-legged Hawk,38.5900191,-121.7426777,2023-01-31,obsr548564,4.0,ACCIPITRIFORMES,2023
Swamp Sparrow,38.5416454,-121.578548,2023-02-04,obsr168441,4.0,PASSERIFORMES,2023
Lesser Black-backed Gull,38.5973164,-121.696584,2023-02-07,obsr865872,4.0,CHARADRIIFORMES,2023
Plumbeous Vireo,38.5416024,-121.7490587,2023-02-07,obsr788582,4.0,PASSERIFORMES,2023
Allen's Hummingbird,38.3776439,-121.6026565,2023-04-14,obsr1846910,4.0,CAPRIMULGIFORMES,2023
Gray Flycatcher,38.8904984,-122.3169923,2023-04-20,obsr3059200,4.0,PASSERIFORMES,2023
Solitary Sandpiper,38.5715889,-121.7528057,2023-04-26,obsr336226,4.0,CHARADRIIFORMES,2023
Calliope Hummingbird,38.3776439,-121.6026565,2023-04-28,obsr1846910,4.0,CAPRIMULGIFORMES,2023
Green-tailed Towhee,38.4795151,-121.5519791,2023-04-29,obsr152314,4.0,PASSERIFORMES,2023
Palm Warbler,38.8904984,-122.3169923,2023-05-07,obsr336226,5.0,PASSERIFORMES,2023
Grasshopper Sparrow,38.386746,-121.6813087,2023-05-21,obsr865872,4.0,PASSERIFORMES,2023
Northern Saw-whet Owl,38.5443265,-121.7157859,2023-05-22,obsr3039863,4.0,STRIGIFORMES,2023
American Redstart,38.5080795,-122.0429242,2023-06-13,obsr794894,4.0,PASSERIFORMES,2023
Glossy Ibis,38.5836668,-121.6371918,2023-07-04,obsr1404235,5.0,PELECANIFORMES,2023
Pectoral Sandpiper,38.5973164,-121.696584,2023-07-31,obsr1141619,4.0,CHARADRIIFORMES,2023
Red Knot,38.6657506,-121.7174863,2023-08-03,obsr152314,4.0,CHARADRIIFORMES,2023
Northern Waterthrush,38.5148499,-122.0782516,2023-08-15,obsr420881,4.0,PASSERIFORMES,2023
Hudsonian Godwit,38.5973164,-121.696584,2023-08-18,obsr420881,5.0,CHARADRIIFORMES,2023
Common Tern,38.6657506,-121.7174863,2023-08-21,obsr34154,4.0,CHARADRIIFORMES,2023
Northern Parula,38.527763,-121.80042,2023-08-26,obsr199985,4.0,PASSERIFORMES,2023
Red-necked Stint,38.551789,-121.6208018,2023-08-29,obsr865872,5.0,CHARADRIIFORMES,2023
Stilt Sandpiper,38.5973164,-121.696584,2023-09-07,obsr2195203,4.0,CHARADRIIFORMES,2023
Lark Bunting,38.551789,-121.6208018,2023-09-08,obsr3409556,4.0,PASSERIFORMES,2023
Brewer's Sparrow,38.5970842,-121.5759945,2023-09-14,obsr355294,4.0,PASSERIFORMES,2023
Chestnut-backed Chickadee,38.912207,-122.2542286,2023-09-23,obsr1175781,4.0,PASSERIFORMES,2023
American Golden-Plover,38.5973164,-121.696584,2023-09-23,obsr318705,4.0,CHARADRIIFORMES,2023
Orchard Oriole,38.5309118,-121.7603159,2023-10-11,obsr420881,5.0,PASSERIFORMES,2023
Mountain Plover,38.915808,-121.843472,2024-01-01,obsr285188,4.0,CHARADRIIFORMES,2024
Winter Wren,38.5164914,-122.0607769,2024-01-01,obsr318705,5.0,PASSERIFORMES,2024
Orchard Oriole,38.5309118,-121.7603159,2024-01-01,obsr2724102,5.0,PASSERIFORMES,2024
Lawrence's Goldfinch,38.6615862,-121.6128512,2024-01-04,obsr318705,4.0,PASSERIFORMES,2024
Yellow-bellied Sapsucker,38.8227785,-122.1908782,2024-01-04,obsr1175781,4.0,PICIFORMES,2024
Costa's Hummingbird,38.5681174,-121.7259727,2024-01-05,obsr333873,4.0,CAPRIMULGIFORMES,2024
Evening Grosbeak,38.8227785,-122.1908782,2024-01-07,obsr1175781,4.0,PASSERIFORMES,2024
Horned Grebe,38.662877,-121.718807,2024-01-09,obsr270938,4.0,PODICIPEDIFORMES,2024
Chestnut-backed Chickadee,38.8080118,-122.2295952,2024-01-18,obsr355294,4.0,PASSERIFORMES,2024
Plumbeous Vireo,38.559456,-121.7465428,2024-02-03,obsr3059200,4.0,PASSERIFORMES,2024
Lesser Black-backed Gull,38.5973164,-121.696584,2024-02-05,obsr865872,4.0,CHARADRIIFORMES,2024
Red-throated Loon,38.5416454,-121.578548,2024-02-16,obsr355294,5.0,GAVIIFORMES,2024
Steller's Jay,38.5148499,-122.0782516,2024-02-17,obsr318705,4.0,PASSERIFORMES,2024
Swamp Sparrow,38.514056,-121.975165,2024-02-25,obsr794894,4.0,PASSERIFORMES,2024
Allen's Hummingbird,38.3776439,-121.6026565,2024-03-08,obsr1846910,4.0,CAPRIMULGIFORMES,2024
